,hotel_name,id_review,title,date,location,user_name,user_link,date_of_stay,rating,review,rating_review,n_review_user,n_votes_review
0,Kyriad Nice - Stade,830894470,Kind people bad structure,Mar 2022,,lucJ4545CN,/Profile/lucJ4545CN, March 2022,30,The hotel maintenance was poor and also cleaning quality of the room. The rooms were not isolated well from external and internal sounds. Overall quality price was good value but not up to other kyriad hotel. Rather stay in a ibis budget next time so at least rooms are bigger.,3.0,1,0
1,Kyriad Nice - Stade,725452447,Kyriad Nice,Nov 2019,"Oxford, United Kingdom",David B,/Profile/H3126ZAdavidb, November 2019,40,"Good clean room, bed very comfortable. Room quiet, airconditioning. Bathroom clean, water good & hot Staff very friendly & helpful. Restaurants closeby or 20-45 minutes taxi to Nice centre, but a bit pricy..Only problem was non smoking room had been used by smokers, so not pleasant.",4.0,11,9
2,Kyriad Nice - Stade,599936300,Tuto bene,Jul 2018,"Turin, Italy",hekuransadik88,/Profile/hekuransadik88, July 2018,50,"Everything was good, everybody was nice to my collegues and me, Receptionist were very kind and they answered to all of our question. They had a good restaurant, we ate very well. We ll be coming back for sure.",5.0,1,0
3,Kyriad Nice - Stade,588696083,"Small, small, and small",Jun 2018,"Granger, Indiana",Corydon H,/Profile/corydonh, June 2018,30,"This is a clean hotel with courteous staff.  However, be prepared that not all rooms are the same.  We had a group of 33 people whose rooms ranged from mid sized to small to VERY small.  Showers also ranged from Norma to 2’ squares (don’t drop the soap).  Two outlets per room mean you should pack a power cord.",3.0,74,4
4,Kyriad Nice - Stade,525000172,"Good location, great breakfast, average rooms, good wifi",Sep 2017,"Cincinnati, Ohio",JennS_LA,/Profile/JennS_LA, June 2017,30,"Location is very convenient.for visiting the area as part of a group tour (parking for bus was required).Dining - breakfast buffet was excellent.  there were plenty of choices and everything was very fresh.  There is also an outdoor back patio with tables/chairs... nice to eat outside.The hotel lobby was small.  The elevator wasn't working so the trip up to the 4th floor and back to the lobby at checkout wasn't pleasant.  Staff did help a few of us with bags but most of us were on our own.  Also... BEWARE... the lights in the stairway go out.  if you are climbing stairs at night, I suggest you keep a phone or flashlight handy.  the lights went out and I was in the pitch black until I could find a doorway.  Rooms - mixed bag.  The beds were comfortable and pillows were good.  Wifi was good.  There was no deadbolt or safety lock on the door... some noise in the hall made me uncomfortable so I figured out how to jam the acrylic information tent under the door to use as a door stop.  The bathroom was very clean but no plugs in the bathroom.  Had to set up in the full-length mirror in the bedroom to do makeup/hair.  See picture - hair dryers was very old fashioned and was mounted next to the bed.  Other outlets were good... plenty of them and including USB plugs.",3.0,438,15
5,Kyriad Nice - Stade,394171941,Location is perfect for stadium events,Jul 2016,"Minato, Japan",5KPK,/Profile/5KPK, June 2016,30,"We stayed here the night of a EuroCup match and were pleased with our experience.  The hotel is a 10 minute easy walk to the stadium, our room was clean and quite large, and the bed was actually very comfortable.  The hotel was quiet and we slept very well.  For the price, the breakfast in the morning was adequate.  We even enjoyed a few beers on the grapevine covered patio in the afternoon.  We had no complaints other than wishing the windows opened.  The staff were very helpful and professional.",3.0,128,83
6,Kyriad Nice - Stade,370935380,Tiny room!,May 2016,"Zurich, Switzerland",nEEdLzZz,/Profile/nEEdLzZz, May 2016,20,The price you pay for a room is in no relation to what you get. The room was sooo tiny you could barely move. The bathroom is like a little closet. In the shower you could not even turn yourselve without ripping the curtain open. Also you have to pay extra for the breakfast. The breakfast is really poor. They didn't even have eggs.,2.0,55,15
7,Kyriad Nice - Stade,306531185,Do not stay here,Sep 2015,,Meeganxo,/Profile/Meeganxo, August 2015,10,"We stayed here as part of a tour so the accommodation was all booked for us. I would not stay here at all!! The rooms were the smallest I have ever seen in a hotel, barely enough room for the bed and our suitcases. The bathroom was awful and the water from the tap and shower smelt really bad. The shower was broken so had to ask to get it fixed. The air con was very noisy and old. The service was not great. Plenty of other hotels to chose from so stay away from this one.",1.0,24,15
8,Kyriad Nice - Stade,275889136,Basic but ok ,May 2015,"Emirate of Dubai, United Arab Emirates",SarahCorell,/Profile/SarahCorell, May 2015,30,It's location is a little out the way. But there are plenty of bus routes just outside.It was basic but clean. Not the comfiest of beds and bedding but again it was clean. Staff were helpful showing us where to catch which bus.Wifi worked well Breakfast was okProbably the type of hotel you can do one night in.,3.0,5295,1427
9,Kyriad Nice - Stade,224802838,Neither luxury nor disaster,Aug 2014,,Royal K,/Profile/royalk737, August 2014,30,"The hotel is situated into a quiet and clean neighborhood, about 10 minutes far from the beach and 5 minutes from Carefour. You can also reach the beach by bus, the ticket costs 1,50 euro/person. The bus station is in front of the hotel. The hotel offers free parking and good wireless connection. If you are going to visit a lot, a place to sleep, a hot shower and a toilet it's all that you need. If you are intended to spend much time in the hotel room, than it isn't an appropriate decision. The room is very small, barely have place to move around the bed, the wardrobe only for one person's clothes (mine, of course) and no refrigerator!!!! The breakfast costs 7 euro (1 croissant, 1 glass of orange juice and 1 coffee), things that you can buy from Carefour at half of price. The hotel stuff is OK, very friendly and helpful. I recomend you to take a ride on the Rue de Belgique and Rue de Paris (the ghetto near the railway station) than you will see it could have been worse!",3.0,1,1
