,hotel_name,id_review,title,date,location,user_name,user_link,date_of_stay,rating,review,rating_review,n_review_user,n_votes_review
0,Hotel Parisien,858729431,"Convenient, friendly staff, but...",Sep 6,"Melbourne, Australia",AlChern,/Profile/AlChern, September 2022,30,"Pros:Very Clean hotelGreat staff, super friendly Great location to access Central Station, the old town and tram.Plenty of restaurants around the hotelArea felt safeCons:Shower - probably the worst I've ever seen. It's just too small, even by French standards. You'll need to open the doors to soap yourself up. Shower doors don't close properly so the water goes everywhere and then you have wet floors in the bathroom. Temperature is impossible to adjust if anyone else is using the shower.Fridge does not work, no kettlePillows have seen better days.Note:No lift. Although staff are happy to help.",3.0,155,108
1,Hotel Parisien,855287693,Great Hotel,Aug 2022,United Kingdom,lwheeler2015,/Profile/lwheeler2015, August 2022,50,"The staff were very helpful and friendly . The rooms were very clean and the hotel was well located. The shops, restaurants and seafront were all close by. Would definitely stay here again and would highly recommend the Hotel Parisian.",5.0,3,0
2,Hotel Parisien,854877608,Good hotel!,Aug 2022,"Bergen, Norway",Amalie Ø. Hovland,/Profile/amalieoh, August 2022,40,"Easy checkin and friendly staff! We arrived before the official check in time but were still able to get the key to our room. The hotel is located very close to the train station and other public transportation, which is very convenient.",4.0,6,0
3,Hotel Parisien,846626812,"Friendly staff, good location, clean rooms.",Jul 2022,,Mathias F,/Profile/mathiasf769, July 2022,50,"We stayed her for one night during our short spell in Nice. The hotel delivered as promised. Our room had air conditioning, and the beds were nicely folded and clean. I would absolutely recommend staying at this hotel.",5.0,1,0
4,Hotel Parisien,842838486,Awesome!,Jun 2022,"Turin, Italy",colasantoluigi,/Profile/colasantoluigi, June 2022,50,"The staff was fantastic! Helpful and friendly, very kind. Clean rooms and the hotel is really well located, close to the old town, the seafront and the Russian cathedral. Great experience. I highly recommend the Hotel Parisien!",5.0,1,0
5,Hotel Parisien,842559174,Great stay,Jun 2022,,sadhbh1010,/Profile/sadhbh1010, June 2022,50,"Great stay, the staff were really helpful and the room was clean. It’s very close to the city and plenty of bakeries and shops nearby. We were allowed leave our luggage for the day after we checked out. There was someone at the desk 24/7 so we could arrive back at any time throughout the night.",5.0,1,0
6,Hotel Parisien,842226413,Great hotel for value & location,Jun 2022,,Marianne O,/Profile/324marianneo, June 2022,50,"Fantastic hotel in central location near train station with connections all along the Cote D’Azur . It is also within easy walking distance to all shops, cafes, restaurants , bars & beach by promenade. The hotel is maintained in spotless condition with comfortable beds & all the staff are extremely friendly & helpful . The hotel is also great value & I highly recommend as a base for a visit to Nice & the surrounding area .",5.0,1,0
7,Hotel Parisien,722200526,Good situation,Oct 2019,,Joanna,/Profile/YAYO11, October 2019,50,No parking but lucky to find a spot at the front door.Very near the train station and the excellent tramway.  Best value for money possible in center of Nice. Nice friendly staff.  Small room but everything you need,5.0,4,3
8,Hotel Parisien,721841978,Short Stay,Oct 2019,Ireland,FranmarEire,/Profile/FranmarEire, October 2019,40,We stayed 2 nights at this hotel. We arrived late at night and were greeted by a very friendly gentleman who carried our cases up the 2 flights of stairs(no lift at this hotel).The room was clean and the bed was comfortable. Thank you for your kind gift to us on arrival. We would definitely recommend this hotel as it is central to tram and train station.  We would stay here again if visiting Nice.,4.0,10,17
9,Hotel Parisien,720365641,Perfect for a short break,Oct 2019,"South Wales, United Kingdom",Ceri G,/Profile/499cerig, October 2019,50,"Great location, close to trains, buses and trains. Also just a leisurely stroll from the old town, promenade and beach with plenty of cafes on the way. Hotel staff were especially welcoming, friendly and helpful. Room was quite basic but perfectly adequate for our needs with comfy beds, good shower with plentiful hot water, hairdryer etc. Excellent value for money, would happily stay here again!",5.0,9,10
10,Hotel Parisien,719587045,"Quiet, French and close to train and tram!",Oct 2019,"Valencia, Spain",GoSeeDoTravelDuo,/Profile/GoSeeDoTravelDuo, October 2019,50,"Hôtel Parisien So French! Loved our stay. Location is perfect. 10 minute walk straight to the large Nice Ville Train Station using the street right in front of the hotel and a tunnel to keep you out of rain it geat! Two blocks to the Tram which takes you all the way to Old Town. You are also in the middle of amazing restaurants and cafes of the Gambetta District. Perfect!We were greeted by the nicest man. We were late and exhausted from a travel day from hell as the French train system decided to go on strike leaving us stranded in Italy. Four buses and a tram got us here four hours after we should have arrived.  Check-in was easy though and we got our room quickly. Great room. #26 , Extremely clean!The bed was very comfortable and linens were nice. We had a window which opened that looked out onto the street below. Loved hearing the sounds but then also complete silence when the window closed. Bathroom was nice. Large round shower with soaps and cotton towels. Safe, secure and vibrant neighborhood. We will always plan on a stay at Hotel Parisien when we pass through Nice!",5.0,1525,93
11,Hotel Parisien,711897004,holiday in Nice,Sep 2019,,Sunshine41840157997,/Profile/Sunshine41840157997, September 2019,40,"Really friendly welcoming staff in this very well located hotel Room was clean and bright and suits our purpose. Breakfast was basic but adequate, coffee was a little cold but overall enjoyed our stay",4.0,1,1
12,Hotel Parisien,711449556,Exceptional value and location ,Sep 2019,,JASON C,/Profile/jasoncN3665XC, September 2019,40,A very well located hotel just 10 minutes form the main station. The hotel staff were excellent and very helpful. We had a balcony room which was perfect for an evening glass if wine. Some slight traffic  street noise but nothing to detract from the hotels quality. A definite place to stay when visiting Nice.,4.0,8,6
13,Hotel Parisien,710332685,Excellent value,Sep 2019,"Brighton, United Kingdom",sunlover1010,/Profile/sunlover1010, September 2019,40,"I booked this hotel mainly due to the price and good reviews. I wasn't disappointed. Great location, with easy access from the airport by tram. Close to the railway station to explore Cannes, Monaco and Monte Carlo. Easy walking distance to the old town and beach. Hotel staff are friendly and helpful with a 24 hour reception. Rooms are clean and well maintained. The only downside is the bathroom is very small, but fully functional. Would recommend if you're on a budget.",4.0,46,71
14,Hotel Parisien,709319724,Beautiful hotel!,Sep 2019,,Christine,/Profile/Chrisbowie1, September 2019,50,"Just returned from Nice and stayed in this lovely hotel. Beautiful decor and very clean throughout. Staff are very friendly and helpful, great location and good value for money - will definitely return!",5.0,3,4
15,Hotel Parisien,707054849,Messer,Sep 2019,,Messyj,/Profile/Messer123, September 2019,50,"I booked this hotel following its reviews. Normally I would not have considered a two star hotel but in its reviews it was described as a 3/4 star hotel in disguise. This is so true.Spotlessly clean, air conditioned, wonderful glazing could not hear the road, excellent shower.All staff are so helpful and pleasant. We were there as my son had move to the university he would come to visit us with no problems, and the owner offered him help if required. I would definitely stay here again. Ideal location.",5.0,1,1
16,Hotel Parisien,698828100,Great hotel. Excellent value and location.,Aug 2019,"Pune District, India",Danesh B,/Profile/dnb521, August 2019,50,"I have used this little hotel, very conveniently located in Nice, for many years. Great value for money, and what I particularly appreciate each time is the warm welcome by the multi-lingual staff, and the fact that the rooms are invariably spotlessly clean. On my most recent trip this week, I found to my delight, that the rooms have just been renovated, with new shower stalls, toilets, wallpaper, and air conditioning that really works - very welcome after a day out in the heat of the city.",5.0,3,3
17,Hotel Parisien,696988907,More than we expected,Aug 2019,"Bologna, Italy",Marilena V,/Profile/792marilenav, August 2019,50,"Excellent location to explore Cote d'Azur (5 minutes to the railway station and tram 1). Great view from the balcony. Discreet and friendly staff who helped us as the tourist information office. Comfortable, clean and cozy. We loved the big bed, the balcony, and the raindrop shower. The hotel is better than many 3 stars hotels.",5.0,30,10
18,Hotel Parisien,677669863,Good place near the train station,May 2019,"New Orleans, Louisiana",Bk27509,/Profile/Bk27509, May 2019,40,"Hotel is well located about 5 minutes walking to the train station. It is also well located should you wish to take a walk to the Old Nice. Hotel was clean, quiet and comfortable. Was quite satisfied with the stay.",4.0,161,68
19,Hotel Parisien,675620199,All was perfect.,May 2019,,Go47406245401,/Profile/Go47406245401, May 2019,40,"Small,cute hotel in a good location near the railway station. A great options for travelers. Hotel is neat and clean. Staff in always smiling face. If you have a later flight you can drop your luggage in hotel a long time for free. All was perfect, including  champagne price in shops. :)",4.0,1,1
20,Hotel Parisien,673487559,Value for money ,May 2019,"Northampton, United Kingdom",Ace77721,/Profile/Ace77721, May 2019,40,Staff were very pleasant and helpful. Rooms were clean and tidy. It's around 30 minute walk to the Promenade de Anglais but only 15 mins to the train station. There isn't a lift so dragging suitcases up the stairs was a pain. Free wifi.,4.0,22,3
21,Hotel Parisien,672112810,wonderful hotel close to Nice Gare,May 2019,"Virginia Beach, Virginia",Roving16927921869,/Profile/Roving16927921869, May 2019,50,"A group of friends and I stayed there for 2 nites.  It was a perfect location, close to restaurants and museums.  Also easy walk or tram to old town which has so much to do.  The staff here was fantastic.  The gentleman @ reception was wonderful.  Spoke perfect english and really cared about our stay and asked how our day went!  how refreshing to have this .  Our stay @ Nice was great and the hotel staff was amazing.  I did not get his name but he was working the mornngs of 4 May.",5.0,1,0
22,Hotel Parisien,667785504,"Good stay, would recommend if you're travelling on a budget.",Apr 2019,"Rhodes, Greece",Dion_Papou,/Profile/Dion_Papou, April 2019,40,"We stayed for 2 nights. Didn't want to spend a lot on a hotel room since we're all day out of the room and just need a place to sleep. The place is very quiet. Nearby is the train station. You can reach almost everything by foot. If not, there's a tram station and bus nearby.",4.0,1,0
23,Hotel Parisien,667718953,Holiday ,Apr 2019,,Brendan K,/Profile/582brendank, April 2019,50,"Another fantastic stay in this beautiful boutique hotel, fantastic location spotless clean room towels & beds changed daily absolutely love this beautiful hotel & the host's Azeddine & Adelle are so helpful would highly recommend  to all who visit Nice cant wait to return!!😎😎😊",5.0,2,1
24,Hotel Parisien,642415421,Great value,Dec 2018,,RfromCA,/Profile/RfromCA, December 2018,40,"From the outside and even when I first walked into the lobby, I was a bit unimpressed with Hotel Parisien. However, the staff at the desk was super friendly (and was happy to store my luggage both before check-in as well as after I had checked out). Also, once I got into the room, I was very satisfied; everything was very clean, the bed was comfortable, and the TV and shower both worked very well. The internet was mostly solid, too. (The network seemed to work about 80/85% of the time; occasionally it would stop working for a minute or two). My main complaints are a) that the walls are a bit thinner than ideal, in terms of sound travel (so I kept my TV volume to a reasonable level in order to not disturb the neighbors) and b) that there was no refrigerator in the room. (And I mentioned this to the staffperson upon departure.)Overall, though, given the cost of the room, I can say that this place offers a great deal, especially for a one or two night stay! If I were to briefly visit Nice again, especially under my current financial constraints, I wouldn't hesitate to stay here again.",4.0,23,3
25,Hotel Parisien,623803264,Fantastic Budget Property,Oct 2018,"Mumbai, India",bombay_dan,/Profile/bombay_dan, September 2018,40,"We stayed at Hotel Parisien for 03 nights in September. The hotel is located only 10 mns walking distance from the main station. To travel to centre, it only took 10 mns by tram. The hotel itself is a very cute boutique type hotel. Rooms are modern and well done. The reception staff was very helpful and courteous. The air conditioning in the room worked superbly since it was very hot during the day. Our room faced the main road, but there was no noise. Only found the bathroom a bit small and the tiles were very slippery. Maybe some mats can be put inside as it would be a bit dangerous for older people. Also a bit disappointed that no amenities like soap or body wash were provided. Otherwise, our stay was very good.",4.0,107,43
26,Hotel Parisien,623765499,Holiday ,Oct 2018,,Brendan K,/Profile/582brendank, October 2018,50,Excellent  location  clean room  lovely staff especially  Adele on reception very friendly  & helpful  throughout  our stay so much so we stayed an extra 3 nights at reasonable  price!!!will definitely  be returning  ..room 29  was lovely  😊,5.0,2,1
27,Hotel Parisien,618347793,Excellent,Sep 2018,"Heathfield, United Kingdom",karen f,/Profile/549karenf, September 2018,50,"We arrived several hours before official check in and were able to leave our bags without question and were given a map of the local area and told how to get to the popular areas.we returned later to check in. Staff very friendly and spoke good English. Room basic but clean with comfy bed and nice hot water. Continental breakfast was a little disappointing-a croissant ,French stick, jam ,orange juice and tea/coffee-would have been nice for the option of fruit or yoghurt but for €7 can't really complain-a request for a 2nd cup of coffee was no problem.Had a later flight out but again no problem in holding onto our bags even though we had officially checked out. All in all a good location if you stick to using the main jean medicin road at night and the hotel is excellent value for money being close to the train station for easy access to and from the airport (airport bus stops by station) . All staff great.would definitely recommend.",5.0,5,2
28,Hotel Parisien,615883632,"Incredibly friendly and helpful staff, comfortable room",Sep 2018,,FrequentFlier610224,/Profile/FrequentFlier610224, August 2018,50,The hotelier was very friendly and helpful! He was very patient with my beginner's French and encouraged and taught when I said I wanted to practice it. We arrived and dinner time and even before we'd exited our room he'd prepared a map to his (excellent) restaurant recommendation.The room and bed was comfortable and everything was as expected.Merci beaucoup!,5.0,1,0
29,Hotel Parisien,615609037,Stay clear,Sep 2018,northumberland,eatkin,/Profile/eatkin, September 2018,10,I booked this hotel through booking.com at the weekend.  For a stay at the end of September.  On the booking form I was informed that a pre authorisation  payment would be taken 7 days before I travel which should have been  3 weeks time.  However they took half the amount of my stay on the day of booking.  When I called to complain I was spoken to rudely and didn't get any explanation.  Went to booking.com who were unhelpful and passed the buck.  I now have to wait 7 days for my money to be credited into my account.  Wouldn't recommend this hotel at all their customer service is rubbish .  Will I ever get my money back I wonder,1.0,12,4
30,Hotel Parisien,591867634,Great hotel,Jun 2018,"Horley, United Kingdom",144cliveh,/Profile/144cliveh, June 2018,50,"We decided to stay here based on the reviews by others and we are so glad we did.The hotel only has two stars but deserves more.It’s spotlessly clean, the staff are extremely helpful and friendly without being ‘over the top’ and the location is perfect for buses, trams and the train station.The beds were very comfy, air conditioning was provided and we had full length windows which opened to let in fresh air.A well stocked bathroom also had a good shower (I despise weak showers) and was spotless again.Would I stay here again... You bet.Thank you to all the staff, hopefully we will see you again.",5.0,16,2
31,Hotel Parisien,584950902,Not satisfied.,Jun 2018,"Ahmedabad District, India",baiju Joshi,/Profile/BaijuJoshi, May 2018,20,"not met expectation. No kettle, no lift, everytime new person on reception, not speaking or understanding English. Rooms are too small. Location is good, centre of city, near to train station and tram. Supermarket nearby.",2.0,96,7
32,Hotel Parisien,561487409,Great position,Feb 2018,Italy,iricciinviaggio,/Profile/iricciinviaggio, January 2018,30,"I spent 5 nights in this hotel. The room was modern but very little. The bathroom also is very little but full of all amientes. The room generally was clean but the duvet was very dirty and full of white spots. There isn't a towel changing but it was not a big deal. Great position, near the train station and the city center.",3.0,277,200
33,Hotel Parisien,522291625,Wonderful Place to Stay,Sep 2017,"Davidson, North Carolina",Naomi C,/Profile/naomic317, September 2017,50,"The staff were friendly and helpful--rooms were clean and the location was excellent. 20 minutes from the beach and five minutes from the train station. Overall, we were very satisfied with our stay. Good value for a very reasonable price.",5.0,5,1
34,Hotel Parisien,517584440,Enhanced my Nice experience.,Aug 2017,"Calgary, Canada",choncho1982,/Profile/choncho1982, August 2017,50,"This was my favorite hotel to stay at during this 50 day holiday. The married couple who run the place went above and beyond to being helpful,honest and genuine. I have a such a good memory of Nice thanks to their advice on where to go,do and eat.The location is good because of the pleasant area and short walk from the main train station called Gare de Nice-Ville. It is also even closer to the tram service which will quickly get you to important places around the city. The room was spacious and comfortable too. I am ever so grateful for the service received from the hotel staff and the lovely city experience of Nice.",5.0,21,3
35,Hotel Parisien,516835934,Human experience ,Aug 2017,"Marrakech, Morocco",KFEHRYFASSY,/Profile/KFEHRYFASSY, August 2017,50,"We selected this boutique hotel for various reasons and we are so happy we made this choice!Extremely well located, very well managed by the owner who is so friendly, welcoming and very much helpful.The room is exactly as we expected to be: clean with nice colours.A great address in this lovely city.",5.0,44,18
36,Hotel Parisien,510817128,"Comfortable, convenient, priceworthy",Aug 2017,"Stockholm, Sweden",Kristofer M,/Profile/488kristoferm, July 2017,50,"Stayed one night and in comparison with other hotels this was a priceworthy option.Clean and good room with a decent bathroom. Friendly service from the hotel management and a few blocks away from the train-station. All in all, a very satisfying stay.",5.0,6,1
37,Hotel Parisien,507795952,Family holiday,Aug 2017,"Drammen, Norway",Paula P,/Profile/paulapI1490IB, August 2017,50,We went on a 5 days holiday with our 6 months baby. We got a room with a doble bed and she slept with no charge between us. The roomWas all renovated. The shower in the bathroom was a dream. We had everything close to us. We had been eating outside everyday. And the transport facilities are just some meters  away. But we preferred to walk because then we enjoyed the hole centrum. We took many times the train that is some blocks away to visit other cities. We were really happy with this hotel and the personal super helpful and polite. We recommend this hotel. I would give more starts for that price. :),5.0,10,2
38,Hotel Parisien,506085803,Great little hotel,Jul 2017,"Reading, United Kingdom",MrsK2706,/Profile/MrsK2706, June 2017,50,"We decided on a minimoon to Nice and needed a base to stay. After checking out the reviews we decided on the Hotel Parisien.It was perfect - friendly, clean and perfectly located. On arrival Adel chatted away and we mentioned we had just got married, a bottle of bubbly to celebrate was quickly given to us! He recommended a fantastic place for dinner and gave us great tips to make the most of our few days in the sun. If you want a base to explore Nice, Monte Carlo and Cannes this is a great place to stay - the rooms are ideal and the aircon is brilliant.We will definitely visit again.",5.0,2,0
39,Hotel Parisien,497482206,"oddly, satisfying",Jun 2017,"Surabaya, Indonesia",Agus S,/Profile/aguss08, June 2017,50,"booked this hotel on a very last minute but it was a sweet surpriseas a budget hotel, you surely receive a bit more than the tag.first, Liberation tram stop is just hundred metres away. Central station that connects you with the airport is a walking distance. Coin Laundry is in front of the hotel, about 30 metres. minimarket Casino is 40-50 metres in the left side of hotel. well, that almost sums up everthing.except the hotel has a helping staffs, bigger room than expected, satisfying AC during summer and ofcourse with a nice price tag",5.0,696,126
40,Hotel Parisien,468348831,Good and calm hotel,Mar 2017,"St. Petersburg, Russia",Daria,/Profile/Dasha_4444, February 2017,50,"Very good and calm hotel, near center, and near train station. All people who work there very kind and careful about them guests ) very good location. All what you need is near. A lot  of restaurants, shops not far",5.0,42,3
41,Hotel Parisien,435190658,Excellent value for money,Nov 2016,"Kirkcaldy, United Kingdom",Jimnjanet,/Profile/Jimnjanet, November 2016,50,"Stayed here for 5 nights. Inexpensive and excellent value for money. Room was small but only used for sleeping in (good bed) as seeing Nice and surrounding was the most important thing. Very clean with service every day. Lovely bathroom with a choice of shower type - overhead or nozzle type. Staff were very pleasant and helpful. Easy walk to main rail station and to tram stop. Longer walk to sea front but unless you're looking for a beach (stones) holiday that's irrelevant. All in all a good honest hotel. Oh, and the wifi when we stayed was first class, quick and never dropped once. I'd stay there again without a doubt.",5.0,13,6
42,Hotel Parisien,434870986,Budget hotel with helpful staff,Nov 2016,"Selby District, United Kingdom",Helen M,/Profile/N2124WHhelenm, October 2016,50,The room was clean and well equipped. The bed was comfortable and large. The shower room was looked after with plenty of hot water. The staff allowed us to leave our bags both on the day we arrived and the day we left so we could spend the whole day in Nice. They provided information on where to shop and were very polite at all times. We were very happy. Thank you for a wonderful week!,5.0,5,0
43,Hotel Parisien,432273756,Short break in comfort and friendly hotel,Oct 2016,Leven,Robertr K,/Profile/r0bertrk, October 2016,50,"we were pleasantly surprised , with the room and facilities offered and at a commendable rate we even were offered a balcony The staff were tops once they were made aware we spoke no French and went out of their way to advise on so many interesting and exciting things to see and doregrettably we ran out of time but we will most definitely be back",5.0,1,0
44,Hotel Parisien,422493830,Great Stay - Enjoyed This Hotel Wonderfully!,Sep 2016,"Kansas City, Missouri",Andrew and Cait D,/Profile/andrewandcaitd, September 2016,50,"We stayed 3 nights in Nice at the Hotel Parisien and when we go back would happily return again.  The staff and management here were great (not sure where the bad reviews came from).  Cait had her purse stolen in Sevilla and when we arrived in Nice the management worked with us on our payment (as we tried to preserve cash until we could get a replacement card mailed to us).  The rooms are a bit small, but no different than what we've stayed in during Paris or other French Trips.  We had a room that opened to the street and we would highly recommend that.  The hotel is in a great place where you can literally walk our the front door and go straight down the street to the promenade - which is around a 20-25 minute walk away or grad the tram that is 150 metres down the street.  Great place for a great price - highly recommend.",5.0,124,21
45,Hotel Parisien,405521007,Great value hotel,Aug 2016,"Erd, Hungary",bag,/Profile/agbarta, March 2016,50,"Nice hotel in quiet part of town, easy access to train station, probably a five minute by foot. Staff were really friendly and helpful, room was clean and large with comfortable bed. Wifi was great. Great value for money.",5.0,37,15
46,Hotel Parisien,382874519,Budget Hotel with Excellent Experience,Jun 2016,"Nice, France",AndreinaW0704,/Profile/AndreinaW0704, June 2016,40,"This family run hotel is welcoming, very clean and well located.  The train station, buses and tram are in walking distance, and the area is safe and pleasant.  I am very sensitive to noise so I asked for a court view room and slept like a baby.  The rooms have AC, modern new bathrooms and immaculate white clean sheets.Management is professional, and go out of their way to accommodate your needs. This hotel was a good choice and I would definitely return there.",4.0,60,23
47,Hotel Parisien,382494235,Disgusting hotel with disgusting management practices - if i could give zero i would,Jun 2016,"London, United Kingdom",YSCheng,/Profile/YSCheng, July 2015,10,"Stayed at this hotel some years back.  Initially stayed on the top floor where the wifi did not work so requested to be moved to a room where it did, management moved us down to the ground floor apartment and here the problems began.  We stayed for 4 nights in total which was too long for the experience we were greeted with.We thought the room was fine, however on waking myself and my partner found overselves covered in bed bug bites across our face legs and back which were large and swollen.  I challenged management about the cleaning of the room to which they refused admit there was a problem.  Management said they would be getting a bug bomb and fumirgate the  room.  I am pretty sure they did not bother to do anything and progressively this got worse and they refused to move us and we ended up getting bitten every night consistently for the next 3 nights.  By the time we left we were covered and had to go to the pharmacist for anti spetic poweders and creams due to the swelling of the bites. On leaving, i raised this as a complaint again with management who then replied that this could be our problem and we might need to wash our clothes - note we had no bites on the first night in the top floor room but i question all house keeping based off our experience in the ground floor room which was severly lacking.  Infuriated, i asked for a refund to which i was promptly refused no was i given compensation for a ruined holiday and the plethora of insect bits we recieved.  I actually requested the hotel manager to take his family and have the sleep there overnight to see how bad this situation actually was but again there was swearing and outright denial by management of any problem with the room.I cannot stress strongly enough to not book this hotel.  We made the sad mistake of doing so and the hotel were very happy to money grab but there is disgustingly inadequate hygiene, arrogant and rude management who are frankly happy to swear at and accuse guest of wrongs for their own shortcomings in housekeeping.Please do not make the mistake of booking this hotel.  It was one of the worst experiences ive had on a vacation and despite complains these fell on deaf ears.",1.0,28,15
48,Hotel Parisien,380599922,Overall fine and clean hotel to keep your money in your pocket,Jun 2016,,OykuuO,/Profile/OykuuO, August 2015,30,"We've stayed here with my family last summer for our French Riviera tour. Our goal was to not spend too much on the hotel and travel as much as possible. This hotel, which is located in the city and not in the crowded parts of Nice is really quiet and easy to access. You can take the tramway to get here and walk for 5 minutes, passing by some great cafés. The hotel staff is nice and welcoming, the rooms are always clean and the service is nice. We've not regretted at all this hotel, plus we get to spend our money for elsewhere. Although, the rooms are not that big, so don't be shocked if you can't fit 2 people in the bathroom at the same time.",3.0,47,29
49,Hotel Parisien,376098570,Good quality for the price,May 2016,"Nice, France",Morag Et Gerard J,/Profile/moragetgerardj, May 2016,40,"Having stayed in a number of similarly priced Nice hotels this was definitely better than most. The room was spacious, comfortable and well equipped. I wish we had discovered Le Parisien sooner and thus avoided a number of other less salubrious haunts on previous trips!",4.0,86,26
50,Hotel Parisien,374015750,Lead me into a Taxi Scam,May 2016,Amsterdam,Felipe,/Profile/fzcamara, May 2016,10,"The hotel was ""fine"", but they lead me into a 45€ scam into the airport which is a 10 minutes drive. Not very nice as I requested the ride from the main desk. So I would not recommend the hotel as you can trust it's personal.",1.0,9,2
51,Hotel Parisien,362279181,Excellent hotel. Very clean and comfortable room.,Apr 2016,,ivan z,/Profile/739ivanz, April 2016,50,"This was a pleasant stay. Very clean and well kept room. Nice staff. The room was recently renovated and felt more like a 3 star hotel. I would definitely come back.It's also very well located, it's close to the station, not more than a 5 minute walk.",5.0,1,0
52,Hotel Parisien,318350882,"Good choice, Good price",Oct 2015,,Gavin B,/Profile/965gavinb, October 2015,40,"We stayed in room #1 for 2 nights. It was very clean and had good bathroom facilities. Wifi was poor but the staff were helpful. Not far from the train station and the tram for the centre. We had breakfast at a bakers just up the road which was v/cheap. Nice was good fun,",4.0,6,4
53,Hotel Parisien,316693865,Surprisingly good for a 3* hotel!,Oct 2015,"Oxford, United Kingdom",Jack F,/Profile/jackf569, September 2015,40,"This hotel's rating as 3* isn't a fair reflection of what it offers, as it is better than plenty of other similar rated hotels in Nice. Would strongly recommend staying there, especially considering other hotels are so much more expensive. The rooms are very big, with a well-sized bed and spacious bathroom. Good quality finish, and a good TV. The walls are slightly thin (you can hear your neighbour's TV if it's on) but this wasn't an issue during my stay.The receptionists were very welcoming and helpful, happy to take our bags whilst the room was being prepared and answering questions we asked. Made us feel very welcome. It is close to the train station, but just far enough away to escape the noise. It is a 15 minute walk into the centre of town which is slightly inconvenient, but the tram line runs nearby to the hotel so saves you plenty of time if you are prepared to pay the small ticket price.",4.0,15,4
54,Hotel Parisien,314487498,Exceptional hotel,Sep 2015,"Beirut, Lebanon",Sawsan H,/Profile/1980sawsanh, September 2015,50,"Great hotel close to nice main train station (10mn approx). Close to nicetoile shopping center and 15 min walk to place massena, vieux nice and the beach. If you like to descover the city this hotel is the best choice. It deserve more than 2 stars. Specious and very clean room,comfortable bed, tv etc... i would recommend this hotel to all and definitly i will book a room once i will come back to nice.",5.0,95,57
55,Hotel Parisien,314361876,Excellent value in central location,Sep 2015,"Hinton Waldrist, United Kingdom",MartinTafft,/Profile/MartinTafft, September 2015,30,"Ideally hotel for an inexpensive but conveniently located visit to Nice.  It's nothing fancy but is clean, tidy and perfectly acceptable given the cost.  In a city that can be expensive to stay in this represents a very good option.We stayed in the room that has a balcony over the front door which is classified as a ""Superior Double"" and the balcony was very good to have and use during our stay.  (Room 15).",3.0,225,158
56,Hotel Parisien,311637181,Very nice little hotel,Sep 2015,"Amsterdam, The Netherlands",Sascha A,/Profile/303saschaa, September 2015,40,This hotel is a great budget hotel for your stay in Nice. It is close to the train station but not close enough to attract weird people. You can easily get there from the airport to the train station with the Bus 99. It has the tram just two streets further so you can easily explore the city. It is small but clean and that trumps some other hotels any time. It seems a to be a family business very very friendly people. Can only recommend to stay there.,4.0,7,9
57,Hotel Parisien,281326752,Very Good Hotel,Jun 2015,"Headley, United Kingdom",Glyn_d2001,/Profile/Glyn_d2001, June 2015,50,I would recommend this hotel to all.Very clean and the owner was very helpful. Very close to the main station.If I visit Nice again for a long weekend it will be on the top of my list. The beds were very comfortable as well.,5.0,10,4
58,Hotel Parisien,234342710,Highly recommended!,Oct 2014,"London, United Kingdom",Corina,/Profile/CorinaReports, October 2014,50,"Lovely budget hotel, spotless clean, staff really really friendly. I'd say its better than some 3 star hotels I've seen and I appreciated their efforts, even better than 5 star hotels sometimes...The location is great, close to train/tram/bus station. Rooms are quite spacious, but the walls are thin. It depends on your neighbours if they are polite and decent enough to respect the other guests. The price is also a great choice for Nice ! I would stay here again anytime!",5.0,125,49
59,Hotel Parisien,230818781,Better than average,Sep 2014,"Weybridge, United Kingdom",Graham S,/Profile/GrahamS885, September 2014,40,Stayed a couple of days with a chum. Good location for the tram and the station. Quiet. Check-in and check-out unexceptional - which is good! Everything very clean. Good solidly equipped room and bathroom. Excellent beds. Air-con worked well. The dividing walls are very thin so a lot depends on who you have as neighbours and what they get up to! I would go again on this budget.,4.0,13,7
60,Hotel Parisien,224206996,"tight, expencive",Aug 2014,,sandijana,/Profile/sandijana, July 2014,30,"Hotel was clean and staff was friendly. Room was small and tight, bathroom with shower in particalary. Room was overpriced. There is no parking space reserved for the guests, so we had to park 2 streets away.",3.0,13,3
61,Hotel Parisien,222838523,"Lovely hotel, great location, nice staff",Aug 2014,"London, United Kingdom",Louise H,/Profile/louby2108, August 2014,50,"The hotel is located just behind the main train station in Nice.The girl on reception was lovely and checked us in quickly.The room was great and a real surprise, we were expecting bargain basement. The room looked like it had recently been re-decorated we had a lovely balcony and a little fridge. The bed was very comfortable we slept soundly every night. The shower was good except for the plug being a bit slow to drain which meant the basin filled up. The Wifi signal was good.Location wise its a short walk to the main high street.Overall a fab place to stay and would definitely stay again.",5.0,2,0
62,Hotel Parisien,212334837,Excellent hotel,Jun 2014,"Belfast, United Kingdom",Judith_943,/Profile/Judith_943, June 2014,50,"Thoroughly enjoyed our stay in the Parisien. The rooms were clean, bright and very tastefully decorated. The location is excellent. The best part of our stay was the staff. They were extremely friendly and helpful and certainly went the extra mile. Would recommend this hotel to anyone!",5.0,1,1
63,Hotel Parisien,212152788,Best hotel i've ever stayed in!!! =D,Jun 2014,"Belfast, United Kingdom",LornaColeman,/Profile/LornaColeman, June 2014,50,"So glad we chose to stay here! Our group of 6 girls from NI couldn't have met with a better reception on arrival, the English speaking staff were more than helpful at every opportunity. The hotel felt homely and the rooms were much nicer and cleaner than some 3/4 star hotels i've stayed in before! The hotel is exceptionally well located with the train station just across the road and the tram less than a 15 minute walk away. We encountered both air and rail strikes in our week away but neither were able to put the dampers on our holiday thanks to the hotel staff and their assistance with bus routes etc. I have read some poor reviews on here but these people can't have stayed in the same hotel as us!! P.S. We got ripped off by a taxi driver called Franck. Watch him.",5.0,1,0
64,Hotel Parisien,212052780,Well situated for travelling around Nice area on public transport,Jun 2014,"London, United Kingdom",MerlotRouge,/Profile/MerlotRouge, May 2014,40,"Hotel was efficiently run and clean and we found the staff friendly and welcoming with very good English.  Wi-fi worked perfectly in our room on second floor. We only had breakfast there on the last day as we were leaving early, usually we had coffee and croissants in one of the many local cafes around the not to be missed Liberation food market which is a few minutes walk away. Hotel is 10 mins walk from station ( less if you take the rather scary tunnel which runs from the road straight in  front of the hotel under the railway line). You can pick up a tram at the station or Liberation ( which seemed much less busy). I think this is a well priced,well situated hotel in a very expensive city.",4.0,44,15
65,Hotel Parisien,211540941,Fine for staying a few days,Jun 2014,"Munich, Germany",svenlx,/Profile/svenlx, June 2014,40,"We were a little hesitant when booking our stay here due to some other reviews but in the end, our stay was fine and I guess by Nice/Cote d'Azur standards quite ok for this price.The location of the hotel is good for travelling, as Nice Ville train station is only a five-minute walk away and lots of fast-food places, supermarkets, bakeries, etc. are in the area. The guy who runs this place was nice and helpful and speaks good English. We paid some extra money to ""upgrade"" our room to a ""bigger"" one that also included a fridge (standard rooms don't have one) but the room was still really small. Although it was clean, some of the furniture was a little dated (like the table or the fridge). There was only one available plug in the room (the other two are used by the fridge and the TV) and the extra plug inside the hairdryer didn't work due to a slack joint.",4.0,42,52
66,Hotel Parisien,204420726,Small but Nice,May 2014,"Trim, Ireland",Bozeman-Dublin,/Profile/Bozeman-Dublin, May 2014,40,"We stayed for three nights in the Parisien and were quite pleased with it. It is a very small hotel, the rooms are small and the reception area is too so it is not the kind of place you would relax and chill out in. But if you are only staying a short time (as we were) and only use your hotel to sleep in, well, it will do quite nicely!It is very close to the train station, about 5 mins on foot. It is about 15 mins walk from the sea and beach and about 10 from the old town. The neighbourhood is quiet and safe.The service was good, the rooms were spotless and despite what some of the previous reviews said, the wifi was excellent throughout - and free! oh, and again despite the other reviewers, we found all the staff to be utterly polite.So if you are looking for a clean, cheap, no frills hotel... the Parisien will do you just fine!",4.0,8572,3345
67,Hotel Parisien,202372943,"Terrible, rude and arrogant owner ruins hotel",Apr 2014,"London, United Kingdom",Zaid Shoubber,/Profile/zaidshoubber, April 2014,10,"I booked a room for 4 nights which was due to include breakfast. We arrived after midnight but did not think it would be a problem cause of this hotels 24 hour reception - wrong. The door was locked when we arrived and we kept banging and knocking on it to no avail. After calling the number written on the door we kept getting a voice message. After standing on this dodgy street at 1am for a while, eventually we had to stop a random man on the street to ask him if he could decipher the French voice message for us. However luckily on his phone it got through (we didn't know the french dialing code which had to be put in before the number) and a man who had obviously just woken up opened the door for us.He started a problem straight away claiming we hadn't paid for breakfast even though I had a reservation form saying we had. He agreed to give us it tomorrow but we would need to speak to the 'boss' tomorrow about it.The next morning after having the breakfast, we had to speak to the owner. He started claiming in a frantic and rude way that the website we booked on made a mistake and we weren't due to get breakfast. I obviously disputed this and said that even if they made a mistake you still have to give your customers breakfast as this is what my reservation says and was one of the reasons I chose this hotel. He didnt react well and got his calculator out and started going through figures of how much he was making on the room (he started off with a €70 figure, then kept rattling it down for various reasons, including a 20 percent website fee and €14 for breakfast - although don't know how a bit of bread and two croissants is costing him that!). After he went through his salesman technique I simply said 'i dont care how much you're making, we're owed breakfast' and he absolutely lost it. Asked me if he was speaking Chinese, said to us we can leave the hotel right now if we wanted (didn't want to waste my few days in nice changing hotels.)After a lot more arguing and hassling I got one more breakfast, so we had 2/4 breakfasts even though I paid for 4. However obviously arguing on holiday is not nice and dented the first morning. A horrible, arrogant owner who would rather save a couple euros on a measly breakfast than please his customers.Furthermore there is no lift, so needed to walk up 4 flights of stairs every time (with luggage when we arrived as well) and the wifi is non existent in the rooms. Room was ok, bed was uncomfortable. But please don't stay here unless you like arguing!",1.0,4,4
68,Hotel Parisien,181434314,Fabulous,Oct 2013,"Adelaide, Australia",Colin M,/Profile/colinm572, October 2013,50,"We stayed at Hotel Parisien for 7 nights. We chose it because of its proximity to the Nice Ville Railway Station, about 10 mins. walk. From the railway station you have to go down 2 lots of steps and use the tunnel under the railway line to get to it. The hotel is small, clean, quiet and has been recently renovated. The rooms and common areas are very attractive. Each group of rooms (4-5) is closed off from the stairwell by a door, making it very quiet. Our room faced the street but traffic noise was never an issue. There was hardly any traffic after about 8pm. We had TV and air conditioning which we needed at night. The room was very clean, towels and sheets were changed every 2 or 3 days. The free Wifi worked OK in the reception area. We did not take breakfast which cost 7 euros per person. There are many bakeries in the area, we bought fresh baguettes and made our own breakfast. No electric kettle but we had an immersion heater. Reception was very friendly and helpful but they forgot (or were asleep) to give us a wake-up call the morning we left - that's our only criticism. It's a bit of a hike to the centre (about 20 mins. to Place Masséna) but the tram is just nearby. A ticket is 1.50 euros and is valid on the buses, too..",5.0,18,7
69,Hotel Parisien,178199635,Very poor Management and non-cooperating staff,Sep 2013,"London, United Kingdom",216rahuls,/Profile/216rahuls, September 2013,10,"I booked a double room at Hotel Parisien Nice through Laterooms.com and got a confirmed booking for two nights. Now when I reached hotel Parisien, I was told that they do not have any room available and the only FAVOUR they can do is to accommodate me at a nearby hotel for one night and then I can come back the other day. I tried to figure out what went wrong but did not get any plausible explanation; all I could figure out is that I was booked for a room that wasn't available. The hotel put this on Laterooms.com. Well it was first leg of my 5 day vacation and I was least interested in hassling around with hotel logistics so I accepted the offer plus the lady on reception was welcoming and nice to me. Now on reaching the other hotel I realized that the room offered to me was shabby, small, no A/c (it was hot) single room; all in all it did not meet the specifications of room that I booked and no comparison for the double room I booked at Hotel Parisien. At that point I did not want to go back to Hotel Parisien and argue on this matter but made up my mind to pursue this later to figure out what went wrong. I do not deserve this when I am paying full fare for the room I booked. It was not  a very pleasant experience that night and I could not sleep well. I spent whole day half sleeping in my tour van. In the evening when I reached the hotel parisien and requested the receptionist to give a receipt/document mentioning that I only spent one night at your hotel. He politely said that its not possible to provide such document but he will have a word with his manager and let me know later. Next morning at 11 AM, I met a new guy at reception and as soon as I asked him whether they got a chance to check with manager and whether he can provide me a document, he lost his nerve and started shouting at me. I requested him to calm down and he said that he won't give me anything and I can go do whatever I want to. I said that it is nothing against you and all I need is a bill or some sort of document which says that though I paid full amount here but I only stayed here for 1 night and other night was at a different hotel. I want to pursue this further as I was not happy. He not only refused to provide any document but started saying that he know people from London and that its typical of them. At this point I realized that it isn't just about me and so I backed out. Well I believe peace of mind is most important and more so when you are out on vacation. Last thing one would want is to argue with someone and ruin his time. Well I just had similar experience. A strict no to Hotel Parisien.Apart from this room was good with all amenities as promised on laterooms.com but lots and lots of noise from street.",1.0,4,1
70,Hotel Parisien,177186957,it was just right :),Sep 2013,"Mississauga, Ontario, Canada",Sabrina R,/Profile/868sabrinar, August 2013,40,"stayed at hotel parisien for 6 nights with a friend. We were pleased and very comfortable. Amazing  staff, very very friendly, welcoming and helpful. We very much felt welcomed to Nice thanks to the staff at the reception. Room was a good enough size, clean, however the wifi doesn't work on all the floors. Will definitely stay here again :)",4.0,1,1
71,Hotel Parisien,166273227,Very Happy !,Jul 2013,"Port Saint Lucie, Florida",Toyia,/Profile/Toyia, June 2013,50,"I stayed here for 2 nights, it was wonderful!  I had driven, they had a parking place for me at the front door, Free Wifi, very clean large room. the staff was extremely helpful, in fact, I accidently left a dress in the closet.  They mailed it back to the US.I highly recommend The Parisen! It was difficult to find, I recommed provided better directions, since most locals couldn't or didn't want to give directions !",5.0,80,30
72,Hotel Parisien,165717751,would recommend!,Jun 2013,United kingdom,nandmuk,/Profile/nandmuk, June 2013,40,"We stayed 2nts here and would definitely stay again. Staff were wonderful, very friendly and helpful. The rooms were clean, very comfortable, had a mini fridge too. Location of the hotel was perfect for exploring the city, all within walking distance and a short walk from the main train station. You wont be disappointed :-)",4.0,8,4
73,Hotel Parisien,154833090,Value for money and great staff,Mar 2013,"London, United Kingdom",Lucy C,/Profile/LucyC0709, August 2012,40,"I stayed here with some friends for 3 days and it was great value for money. While the accommodation was basic, it had everything we needed. It was clean, tidy and the facilities worked well. We weren't expecting much as we did not pay huge amounts but it was perfect for what we wanted. You can jump on a tram down to the beach in 5 minutes or walk it in 20. The train station is a 5 minute walk away. The staff are a huge selling point. As three 20 something girls, the staff even gave us an extra extension for our appliances. They could not have been more helpful. They assisted with our limited french and gave us a key to the front door if we wanted to stay out later.",4.0,96,79
74,Hotel Parisien,140061441,"Helpful staff, convenient location for railway station",Sep 2012,"Paris, France",kiarajade,/Profile/kiarajade, September 2012,30,"Budget hotel with some flaws.   Hotel is a work in progress although the ongoing work did not affect our stay there.   The staff were very polite and helpful, rooms were spotless clean.  There are no lifts at this hotel.  Air conditioning sometimes tripped and needed to be reset by reception staff.  Ensuite was very small, corner entry shower was very small and had a high step into it.   It could be a problem for larger than thin people, and not suitable for disabled.   The floors are  ceramic tiled and very slippery when wet.   There are no tea and coffee making facilities although the room did have a refrigerator.   Limited power points for chargers.   We did not have breakfast at the hotel but chose to eat out in Nice which had several cafes which did English food.   Hotel location was approximately 20 - 25 minutes walk from the seafront.  Facilities were very basic and I would probably choose to spend a bit more money on a hotel with more facilities and closer to seafront.",3.0,38,31
75,Hotel Parisien,138756285,Nicest French People,Aug 2012,"Stockerau, Austria",stockspix,/Profile/stockspix, August 2012,40,"In this hotel I have met the nicest French staff I ever met. The Hotel is at a good location and is generally clean. The rooms are furnisht in local style, but are a bit tight if you travel with kids. Ideal location for cityhoppers!",4.0,7,11
76,Hotel Parisien,138644308,"Comfortable economic optio, a little far from the beach",Aug 2012,"Paris, France",Vanda R,/Profile/VandaR487, August 2012,40,"The place was nice and clean, attentive staff. It was worth the price we paid for it. Parking is very difficult around the hotel. The hotel keeps 2 slots in front, ask reception. It takes about 45 minutes to walk to the beach. Internet is free, but works only at reception area. In any case, this was the only economic option that we found.",4.0,3,3
77,Hotel Parisien,133900198,Clean/Efficient/Helpfull staff,Jul 2012,"Amsterdam, The Netherlands",Maarten B,/Profile/MB722, July 2012,30,"Made this basecamp for visiting the Riviera. Walking distance from Nice Central Station.Bought a trainticket for under 30E for a week; travelled to all the sights. Rooms are basic but clean, aircon works and is needed. Hotel staff speaks English and are polite.Every room has a little fridge (not a mini-bar)Hotel is around the corner from the main shopping street.We had a shared double bed first but this was too tiny for us.Overal I would recommend it for the budget traveller. Roquebrun/Juan Les Pines is where I am going to stay next time. Because Nice maybe big, as a city it has little to over.",3.0,5,3
78,Hotel Parisien,132949808,OK for the budget conscience.,Jun 2012,TOMBALL,lenkcpa,/Profile/lenkcpa, June 2012,30,"Reasonably priced hotel near the train station.  Withing walking distance to the Marc Chagall Museum, old town and the beach.  Air conditioning did not work.  Had to open the window to a busy street.  Not ideal.  No elevator.  Water pressure in the shower was poor.  Staff was friendly.  Next trip to Nice I will pay a little more for better accomodations.",3.0,66,40
79,Hotel Parisien,131306411,Comfortable and affordable,Jun 2012,"Saskatoon, Canada",Alex H,/Profile/AlexH307, May 2012,40,"Location is excellent especially when traveling by train. Parking was available directly in front of the building which was very helpful as the streets of nice are extremely crowded. The staff was very helpful and friendly. The room was basic but comfortable and clean. However, the TV did not work. Breakfast was offered for 7 euros and this was a rip off as you are served only a croissant and a half baguette. If this breakfast was improved this hotel would be an excellent option for a short stay in Nice.",4.0,8,18
80,Hotel Parisien,130688301,Good location and convenient,May 2012,"Nice, France",harleymarg,/Profile/harleymarg, May 2012,30,"Nice little hotel two streets away from the Nice train station. The room was quite basic but served it purpose as I only used it for sleep. Downside of the hotel is that you are required to pay on checking in and they request that you leave the key at reception every time you go out. When you come back they don't check your name or ID against the room which is a concern.The free wifi is great as well as the supermarket, bakery and cafe's around. Whilst the shower was big as soon as the water was turned on it became boiling so it was extremely hard to have an enjoyable shower.",3.0,13,4
81,Hotel Parisien,125606492,Good value and location,Mar 2012,"Geneva, Switzerland",broncoal06,/Profile/broncoal06, June 2011,30,"Located close to the train station in the heart of town. A good value for the room quality, but I think you end up paying for the bathroom, which was phenomenal. Enjoyed the free wi-fi, and the staff was very helpful with us.",3.0,74,89
82,Hotel Parisien,118323688,"Lovely small, friendly and helpful staff",Sep 2011,"Montreal, Canada",Rivka,/Profile/montrealdoula, September 2011,40,"Nice little hotel not too far from the promenade des anglais - we walked out and beack at night with our child and felt secure. Free wifi, clean but small room....no bidet...",4.0,66,49
83,Hotel Parisien,108050102,"Clean, Friendly, Convenient and Cheap",May 2011,"St. Andrews, United Kingdom",dimensioner87,/Profile/dimensioner87, May 2011,40,"Nice little hotel in the centre of Nice. The room was pretty nice (maybe a bit small), and the bathroom was great - amazing shower. The people working here are very friendly and approachable and helped us when we asked. Perfectly adequate for us for a few days here. Its also near the train station which means you can travel to Cannes or Monaco for the day. The only downside is that its a bit of a walk into the Promenade however there is a train stop just outside which you can hop on for 4 euros for a whole day! Considering the price, its a bargin! Basic, for for a little romantic trip, its just the ticket.",4.0,5,5
84,Hotel Parisien,64365882,"great value, clean and friendly.",May 2010,Nottingham,parkypop,/Profile/parkypop, May 2010,40,"There were 8 in our group with ages ranging from my 80 year old mother to my 21 year old son and his girlfriend. We all enjoyed our stay and found the location excellent with easy access to the trains, buses and trams.The hotel was clean and well-run, the staff extremely friendly and helpful, nothing was too much trouble for them.The surrounding area is vibrant, plenty of cafe's and bars and very busy during the day.At night it is less appealing, lots of groups of youngsters hanging around the main areas, but certainly no worse than any English city.Overall a very pleasant stay, I wouldn't hesitate to recommend this hotel.",4.0,1,1
85,Hotel Parisien,41846176,"Cleanish and friendly inside, squalid and dodgy outside.",Sep 2009,Newcastle upon tyne,3GOWplus1,/Profile/3GOWplus1, September 2009,20,"The hotel is located in the Liberation area of Nice some distance from the old town/promenade ares.It is a lively and interesting neighbourhood in the morning when the market is on, but less so at night.To do the walk to downtown in 15 mins in high temperatures might certainly be possible for Paula Radcliffe....lesser mortals might like to double that.The trams however are only two minutes away and allow visitors plenty of opportunity for getting up close with the natives.The hotel staff were charming and spoke good english and the bathroom/bedlinen were clean.The beds were however firm to the point of being corrective and the bolster type pillows not v comfortable.Towels were an aid to exfoliation and somewhat past their best and clothes hangers were far from abundant--practise hanging all your clothes on one before you go. Air conditioning was efficient but could be and often was switched off centrally requiring a visit down 4 flights of stairs to request that it be turned on---the phone system to reception didnt work --and consequent trek back up.Family run the hotel was also family occupied as the sounds of children and babies were omnipresent and cooking smells pervaded in the early evening.The hotel also operated a charmingly inconsistent attitude to night admission. One evening a fellow guest was obliged to shin up a drainpipe and bang on a window to gain us entrance and most nights the doors were locked at midnight. Rue Vernier is not a pleasant street --the french love for dogs doesn,t extend to using a scoop and Rue Vernier is a prime example.Take a torch to light your path back at night!",2.0,4,3
86,Hotel Parisien,14825937,Diabolical,Apr 2008,england,dave_012,/Profile/dave_012, April 2007,10,"Our whole trip to Nice was spoilt by our stay at this hotel.  The room had a distinct smell of gas as soon as you opened the door and we found numerous dodgy connections of pipes in the bathroom and bedroom, with giant holes disconnecting them from the walls. The plug sockets were half ripped out and we had a leak dripping through the ceiling onto the pipes on the floor. We asked to change rooms but the staff merely gave us a bucket to catch the water in! The noise was unbearable, with someone above us banging around in the small hours of the morning. We had to enter the kitchen one day to find someone to actually serve our breakfast after having waited for a long time.Nice was being re-developed at the time of our stay, so this also had an impact on our experience, with lots of no-go areas and very little access to get to places. We were very pleased to leave.",1.0,6,0
87,Hotel Parisien,13364260,great hotel for cheap price close to everyting,Feb 2008,ireland,ldoll,/Profile/ldoll, February 2008,40,i stayed in this hotel with my boyfriend in feb o8 jus got back and have to say i totally enjoyed my stay here! the hotel is just off the main shopping street which brings you down to the beach ther are plenty of backstreets around the hotel full of little gems of restaurants. the room was basic but you get what you pay for it was clean and tidy. the staff were friendly and welcoming breakfast was basic a large breadroll and crossant with tea and orange juice to help you start the day.the only problem i had was were not told ther was tiling going on in the hotel when we stayed but the workers did not work early in the morning just into the eveningi will be stayin here again next time i am in Nice.,4.0,144,53
88,Hotel Parisien,11495975,cheap and cheerful,Dec 2007,Dublin,ClayDublin,/Profile/ClayDublin, December 2007,30,"stayed here for 3nights in december and you get exactly what you pay for. Welcoming reception staff who speak great english. Very clean spacious rooms, ok bathroom, no amenities, hence €30 a night... 10mins walk to the train station, 15/20 min walk to the old town/beach. if you want to keep the cost low, id recomend this place, but if you want somewhere with a few extra frills and a better location, then splash out further afield. Lovely little bar 200yards away where you can get a lovely glass of wine for €2.20!",3.0,92,49
89,Hotel Parisien,10442040,Good but Basic,Oct 2007,Bangor,PETDOG,/Profile/PETDOG, October 2007,30,"On checking in, we were asked to pay a ""City Tax"", we were not informed by Travel Agent that all Hotels in Nice ask their guests on check in for this Tax. However, it was low.The room was large and backed on to not a very pretty view, but as we were not there to look out of a window it did'nt  matter. The room was clean and 2 comfortable beds and a table with chairs and a good fridge. Bathroom very basic but  shower head excellent and plenty of hot water.We had understood that there was to have been a hair dryer and a kettle in room, there was'nt.  However the Hotel staff brought us cups saucers, sugar and pots of hot water whenever we required them, always with a smile. The staff were always pleasent, and all but one  spoke English.......but we were in France after all,  so why should he !!!Very near Train station and good bus service and soon a tram service, a pleasant 20 min walk to beach, plenty of local food shops, cafe's, near by. All in all we thought the Hotel good if perhaps a little basic.",3.0,4,19
