,hotel_name,id_review,title,date,location,user_name,user_link,date_of_stay,rating,review,rating_review,n_review_user,n_votes_review
0,Hotel Ozz By HappyCulture,853946180,Great for a visit to Nice,Aug 2022,,Jee T,/Profile/698jeet, July 2022,40,"Staff were friendly and helpful, great for suggestions on where to visit and what to eat. Never any issue with checkin or checkout.Great location close to the Nice train station, as well as the main boardwalk strip.Room was clean, the beds well made and clean overall. Comfortable for sleeping but kind of a tight fit heightwise, really not enough room to sit up in.Breakfast was NOT worth it. Small croissants and chocolate pastries with watered down orange juice and apple sauce. Totally not worth the cost, buy your own bread and food in the morning at one of the nearby grocery stores.Rooms were quiet when sleeping, so the sleep quality was good. Balcony provided a nice view of the hotel street area, and for drying clothes and towels.Huge problem with this place: Not enough toilets!!!! Only one per shared room (6 bed room), and only one on the main floor. Totally ridiculous! Had to hold in some real emergencies a few mornings, or go to bed an hour later than desired because someone was in the shower all night.I can't say I'll stay here again unless they get more toilets installed somehow, it's a serious problem I feel.",4.0,16,0
1,Hotel Ozz By HappyCulture,852754008,Excellent stay!,Aug 2022,,Hannah,/Profile/L1083GXhannahb, August 2022,50,Very nice hostel with friendly staff. Check in/out was quick and easy thanks to the staff on reception. And i met some great friends at the bar activities in the evening. The room was also very clean and well organised. Would definitely stay again !!,5.0,1,0
2,Hotel Ozz By HappyCulture,849704523,Good but not Great,Jul 2022,"Denver, Colorado",Tom,/Profile/tomtomtravelmania, July 2022,30,"Hotel Ozz is actually more like a hostel located conveniently near the central train station in Nice. The atmosphere is conducive to meeting other travelers, and the bar/common areas provide a nice place to relax and share stories. The staff are very friendly when they’re not busy, but the afternoon cattle call with a line of people checking in requires patience. Overall the building seemed to be clean and appealing. I felt safe in the neighborhood, and there are plenty of shops and restaurants nearby. I didn’t feel as if the price of my stay was a great value. The walls are paper thin even though there is advertising to the effect of sound-proof rooms. Not the case at all. My bed was not comfortable (a very basic low cost mattress). The AC is wonderful, but there is some kind of master switch at the lobby desk. My room was very hot when I arrived, so I finally asked the staff and they switched my AC to “on” from a panel behind the front desk. Very strange and not convenient for the guest! I’m sure it’s some kind of cost saving measure, but after a long day of travel on a hot train I desperately wanted to cool down immediately and didn’t get to do so. There were two large hooks on the back of my bathroom door that didn’t allow the door to open fully. Super annoying (yes, a first world problem but the hotel needs to know about these sorts of things). there was a top sheet and bottom sheet for the bed, but no blanket or comforter. I just didn’t sleep all that well. I probably would not stay here again, but the best part of all was meeting other guests!",3.0,8,0
3,Hotel Ozz By HappyCulture,848911550,Very nice but...,Jul 2022,"Sabac, Serbia",Slobodan Josic,/Profile/lik_iz_stripa, July 2022,40,"The hostel is lovely place. Perfect for those who come as a group. Nice design and a great entertaining idea is a huge plus. Air-conditioning is fine, food...However, some rooms are built with the potential to produce negative points. That is the rooms. Small rooms with almost no area of privacy except the toilet. No lock at lockers, and beds with 3 levels are not safe at all.",4.0,3,0
4,Hotel Ozz By HappyCulture,843881649,Perfect stay at Hostel Ozz,Jun 2022,,Lolo,/Profile/477lolo31, June 2022,50,I experienced for the first time the hostel Ozz and I loved it ! The staff is great and very helpful ! The rooms are clean and spacious. The bar open every evening is a real invitation to connect with people ! I recommend and I will come back for my next stay in Nice !!,5.0,3,0
5,Hotel Ozz By HappyCulture,839429861,Friendly staff in the center of Nice,May 2022,"Ko Chang, Thailand",Mimi,/Profile/bootian, May 2022,30,"The hotel setting in great location only few minutes walk to the main city which surrounded by shop, restaurant and easy to catch the public transportation. Staff were nice and willing to accommodate when queries. Look like the building doesn't have sound proof so you could hear people next door talking which was very bad. The room was very small no space to put stuff and sit. The service was limited and you need to pay 5 Euro for towels in the room. Breakfast was cold and small selection but it could be better.",3.0,19,21
6,Hotel Ozz By HappyCulture,833844945,Good place to stay,Apr 2022,,Edward TRAN,/Profile/429edwardt, April 2022,50,"Great location ! Great price ! Great service ! Great friendly . There are free water , some cake , coffee . Toilet is clean , room are clean , however they set up 3 floor of bed so I could not sit in my bed. They have some activities for guess . It’s amazing",5.0,32,6
7,Hotel Ozz By HappyCulture,829244568,Mrs Alinar Abdul kader,Feb 2022,,Alinar Abdul kader,/Profile/alinara2022, February 2022,50,I would like To thank the staffs pamela and Jimmy for being friendly & helpful. The Hotel is clean and nice and many entertainment in the evening.the location is in the heart of nice 3 minutes to tram,5.0,3,0
8,Hotel Ozz By HappyCulture,794638791,❤ ❤ ❤ ,Jun 2021,,Mehbuub Q,/Profile/mehbuubq, June 2021,50,If you are in nizza for you good place to sty ozz really very nice people All staff are really talented and above all Emma and Diana are two wonderful girls who are really made for this job good service everything clean I enjoy to much🌟🌟🌟🌟🌠,5.0,8,3
9,Hotel Ozz By HappyCulture,791266644,My Happy Return to Happy Culture,Jun 2021,,carole t,/Profile/237carolet, April 2021,50,"My second stay at this Ozz backpackers because I love the chilled, relaxed vibe here.Beds are really comfy with crispy cotton sheets...so nice .. makes for a good 'stay away' from home. And the staff..? Super helpful & Fabulous! I recommend to stay at Hotel Ozz for sure.  Thanks to all the team!, KK!!",5.0,1,1
10,Hotel Ozz By HappyCulture,770290152,Clean & friendly vibes,Sep 2020,Unawatuna,KKByronBay,/Profile/KKByronBay, September 2020,50,"I had a really pleasant experience staying & I would recommend. Super clean rooms, little curtain around the comfy bed was a nice touch. Staff consistent and helpful. Ideal located near train station. ✅",5.0,3,3
11,Hotel Ozz By HappyCulture,770210051,Good location,Sep 2020,"Dont Know, Im a traveler",SilverFang13,/Profile/SilverFang13, September 2020,40,"Hotel Ozz By HappyCulture(room 207, floor 2. 4 beds, mixed dorm)+Friendly english speaking staff.+Close to everything. Shopping street 'Avenue Jean Médecin', Nice-Ville Station, supermarkets and restaurants, etc.20min walk to the beach or old town, you can walk on the shopping street on the way to the beach/old town.+Clean room.+Lamp, power socket, curtains on each bed.+Pillowcase, bed linen and sheets are provided.+Locker (bring your own lock).+Free wi-fi, good enough to stream videos.+We had our window open to get fresh air, so we heard little noise from the street, otherwise nothing from people playing games and talking from the lobby.+You can borrow iron from the reception, but the room is too small to stand there ironing, do it on the hallway.+Staff available 24/7 in reception.-No towels are provided.-No hand/body soap, schampoo/conditioner in the bathroom.+/-Don't know if you can borrow hairdryer from the reception.Don't know if reception will charge you for storing the luggage if you have checked-out or arrived earlier before the check-in time, according to other reviews it's free.Didn't check the kitchen (don't know what kitchen utensils they have).Didn't stayed at the hang out area as everyone was on their phone or laptop.From Nice airport terminal 2, take the tram that's outside. Ticket machine is located between the two tram tracks.Ticket cost 5 euros (valid for 74min) and you can pay with bank card or cash (remember to validate the ticket on the machine inside the tram).Take the tram that goes towards Port Lympia, it says 'N'on the signs.The ride from airport to 'Jean Médecin station' takes approximately 30min.Tram station 'Jean Médecin' is 7min walk from the hotel/hostel (there are 2 station with the same name, one is located at Avenue Jean Médecin street).The ticket from the city and back to the airport cost 1.5 euro (solo trip), not 5 euros.",4.0,1230,98
12,Hotel Ozz By HappyCulture,764227330,Liked the stay,Aug 2020,"Paris, France",KrithikaRajiv,/Profile/kkiyer13, July 2020,40,"I loved my stay here.Neat rooms and free coffee,tea,juices.Recommended.We were six of us and the room was spacious.around 1.5km from the beach.Lidil,Monoprix closeby.Just two minutes from the railway station.Convenient stay.",4.0,131,72
13,Hotel Ozz By HappyCulture,762864448,Great stay ! ,Aug 2020,"Paris, France",Etienne M,/Profile/EtienneX2, August 2020,50,"The hostel is perfectly located 5 minutes walk from the train station. You can also easily reach the old town and the beach. The property is very clean and the staff friendly. Lockers, power socket in your bed , bar, games and a cool crowd : everything you expect from a hostel is here.",5.0,4,5
14,Hotel Ozz By HappyCulture,759679669,"Very noisy, avoid! ",Jul 2020,"Luxembourg City, Luxembourg",Cristian V,/Profile/cristianv995, July 2020,10,People playing games and talking loud a couple of meters from the rooms at half past midnight made me give this bad review! The worst I have ever visited!Rooms are not bad they look clean... But that's not enough when you can't get a sleep,1.0,1,1
15,Hotel Ozz By HappyCulture,748938296,Best of the best!!,Mar 2020,"Venice, Italy",Stevannie,/Profile/stevannie17, February 2020,50,"This is the best hostel I’ve ever visited! The reception is very kind and I can left my luggage when I was checked in earlier and about to check out. The room is comfortable, there’s a bed lamp, curtain, electric socket near your bed (this is what you need, right?!!) and locker. I even can enjoyed free cups of coffee! They have good breakfast also!",5.0,28,46
16,Hotel Ozz By HappyCulture,747486694,Near the Train Station,Feb 2020,"Dubai, United Arab Emirates",Alfred O,/Profile/alfredo644, February 2020,40,"The private room was just enough for me. Had I been with someone else, the space in the room would have been too small for two.During my stay, the staff were helpful and accommodating, especially when I asked for direction where I could buy a moisturizer for my cold rash. It would have also been better to make breakfast an inclusive for private room renters, where guests need not pay extra to avail of it. However, I did not pay for breakfast as I was leaving their property too early and coming back late at night.There location is near the train station though.",4.0,800,109
17,Hotel Ozz By HappyCulture,744282520,Great hotel,Feb 2020,,Midalvis I,/Profile/midalvisi, February 2020,50,Nice hostel on a good location in the city of Nice. Super friendly reception. It's also a great place to meet new people/travelers. Breakfast was good. They let me leave my bags there because I was flying later that day en even had coffee after my check out. :),5.0,4,3
18,Hotel Ozz By HappyCulture,729444471,Nice in lock down. Where to find a bed?,Nov 2019,"Cullompton, United Kingdom",longley203,/Profile/longley203, November 2019,50,"2 hour flight turns into six hours as airport is flooded, as are the roads and trains are cancelled.Hotels are all full except for 2 top bunks in Hotel Ozz.With no alternative available we book in. 35 euros for 2. Every thing was in order and clean. What more to ask for ? The following morning coffee was free and the breakfast was available at a reasonable price. Thank you to all at Hotel Ozz you saved the day. Plenty of reasonable eateries near by was great as it was still raining hard.",5.0,177,91
19,Hotel Ozz By HappyCulture,724724984,Hands down one of the best hostels I've ever stayed at !,Nov 2019,"Kampala, Uganda",mzee2014,/Profile/mzee2014, November 2019,50,"This place is real value for money i doubt you'll find any hostel with that standard for that price in Nice , In my many years of travelling i cant remmber ever having such an a great hostel experience ! Location: less than 5 mins to Gare Nice Ville , lots of  cheaper restaurants around Rue paganini ( veitnamese , north african/arab quisine) about 15 minuite walk from the old townRooms: are really nice , clean (cleaning happens everyday) , the beds themselves are comfy the little curtains on each bunk are a real bonus ,each bed has a charger , showers nice hot water works they have two sinks in the bathroom I guess you can never have enough  . one thing that must be said Wifi wasnt working in the room i doubt this was a general problem though might have been my device . The staff are supper friendly very competent , the kind of folks you'd like to have a beer with , one of them even gave me recommendations for good Tunisian food ! lounge area is tastefully decorated free coffee always a bonus. If your staying dont forget to bring your own padlock (they charge 5 EUR)",5.0,23,13
20,Hotel Ozz By HappyCulture,721873997,Mini holiday. ,Oct 2019,"Antibes, France",Roannevds,/Profile/Roannevds, October 2019,40,"I stayed over for 2 nights, small holiday, before flying home. Walking distance from the train and town. Really clean and staff are very friendly. Bonus is they have an elevator, so you don't have to carry your luggage up to the floor your staying on.. Realy cool! 24 hour front desk and free wifi, what more do you need..?!",4.0,72,20
21,Hotel Ozz By HappyCulture,719636693,"ok stay, nothing less, nothing more",Oct 2019,"Vormedal, Rogaland, Norway",Tommy R,/Profile/tommyr188, October 2019,30,"Best part of hostel was the location. Clean enough. No atmosphere in the hostel. People were only sitting and looking at their phones. Staff was nice and helpful enough, but never did anything to engange people who stayed there. Dorm was tiny, but clean. Missed a shelf in my bunk bed. had a reading light and poweroutlet though. Close to restaurants, supermarkets, tram and trainstation. ok for the price, would try a new hostel next time, one with more sosical atmosphere.",3.0,278,71
22,Hotel Ozz By HappyCulture,707796064,"Great hostel, but too noisy to rest properly",Sep 2019,"Rio de Janeiro, RJ",Gisele L,/Profile/giiisa, September 2019,40,"The hostel has a lot of potential: good breakfast for 5 euros with croissant, baguette, jam, fruit and a hot beverage. Big room (I was in a double room) with a bathtub (no shower as the roof was low, as I'll explain), good bed and a lot of space for our luggage. It was on the top floor and the roof was kind of slanted, so in some places the roof was really low (including in the bathroom): watch out, tall people! I loved the location and had the best meal after travelling for 2 weeks in a restaurant nearby (Le Saint Geran) and you can walk to the main attractions of the city. You can also go by tram to Garibaldi Square to get the 82/112 bus to Èze and Monaco. It was also really easy to go to the train station (300m). The only problem, and for us it was a big deal, was that every night in the middle of the night there was a LOT of noises from the staff strolling carts up and down in the hallway.  We never had a good night of sleep with the staff always using the hallway with their equipment and we could hear everything from inside the room. I mentioned it in the front desk and they simply told me 'yes, it's noisy', so I guess It is a great place for hard sleepers.",4.0,497,152
23,Hotel Ozz By HappyCulture,703198348,Shower problems ,Aug 2019,,Dee Birchard,/Profile/NewYorkDee123, August 2019,20,"We stayed at the Hotel Ozz for three nights during our stay in Nice and were not happy at all. We opted for the fifth floor double room. The shower in the room was on the slant of the roof so you had to kneel down to use it. My partner had sports injuries on his knees so kneeling down on the hard bath for that amount of time was quite uncomfortable. Had we have known this we would not have booked and we would advise the hotel to clearly state the shower situation on the room description. The water was not hot though when we complained the friendly staff gave us the option of showering in a different room which had running hot and water. The location is very good, a minute walk to a tram and three tram stops to the old town. Nevertheless, the staff were extremely friendly and helpful even when there were long queues for reception, which I commend them for.",2.0,6,15
24,Hotel Ozz By HappyCulture,702854876,Very good,Aug 2019,"Erlangen, Germany",marinamelow,/Profile/marinamelow, June 2019,40,"The hotel is very well located. 15 minutes walking to Nice old town and 20 minutes to the beach. The room is really small for 4 people. Cleaness was not good, when we arrived in our accomodation the room was not ready for us and there was trash from the former guests. There is a bathroom inside the room, what is really convenient.",4.0,256,207
25,Hotel Ozz By HappyCulture,698996366,Wonderful stay at colourful and relaxed hostel,Aug 2019,"Papendrecht, The Netherlands",AnGreece,/Profile/AnGreece, August 2019,50,"Really enjoyed my stay at Hostel Ozz by Happyculture! The staff at the reception is very friendly and always happy to help you with anything you might need. 4 female dorm is not that spacious, but you have everything you need. Especially the big lockers that are super easy to use and the facilities from the hostel are perfect. You have a great combination of meeting people in your dorm and having enough privacy. The hostel is very colourful and well designed. So nice to have free coffee, tea and cold water. Only thing I missed was a little bit of touristic information about the city when arriving in the hostel. Later on I found out a map with things to do in Nice at the cafetaria of the hostel. Thank you for the wonderful stay in Nice!",5.0,98,35
26,Hotel Ozz By HappyCulture,694000402,Air Conditioning!!!,Jul 2019,,Jacqueline L,/Profile/jacquelinelI745CW, July 2019,50,Walls are thin and rooms are small but that didn’t even matter. Having AC in our room after a week in that heat wave with no AC was a blessing. Fun atmosphere and very clean as well. Highly recommend.,5.0,4,5
27,Hotel Ozz By HappyCulture,690587407,Unhelpful staff,Jul 2019,,A Bhakoo,/Profile/Bhakoo88, July 2019,10,I made a reservation with them for 10 days. I made a cancellation request 1 day in advance since I met with an accident and requested them to waive off the cancellation fee since I could not walk. They said a straight no and said they have to follow the policy and charge me the cancellation fee. I feel they were really insensitive to the request of a person who could not travel due to an injury.I do not recommend a stay with them due to poor customer service.,1.0,1,2
28,Hotel Ozz By HappyCulture,688103429,AC 🙌🏼,Jul 2019,"Saskatoon, Canada",Ellen V,/Profile/ellenv695, July 2019,50,In the sweltering heat of Nice the air conditioning was a god send. About 2 blocks away from a Main Street and about a 15-20 minute walk to the promenade. Hostel had all of the basics you would need. Would stay again.,5.0,5,11
29,Hotel Ozz By HappyCulture,687183575,"Kind service, but not the rest of it",Jul 2019,"Frederiksberg, Denmark",Daniel,/Profile/danieljV628CR, July 2019,20,"The guy in the reception was very nice and helpful, but the room was weird and the walls were incredibly thin. The breakfast was soo bad. U were handed a plate of dry breed and a dry croissant, the juice was mixed with water and the coffee was very bad.",2.0,12,10
30,Hotel Ozz By HappyCulture,684823102,Great for solo travellers!,Jun 2019,,ASylvia,/Profile/eutrip19, June 2019,50,"Super clean, great staff, and nice decor. This place was super close to the train station which was good since I got into Nice quite late and had to leave quite early on the morning I left. All staff were polite and helpful and the breakfast was pretty good. I also liked how my room had an ensuite bathroom and good curtains for the bed! My only regret is that I wasn’t in Nice longer.",5.0,2,2
31,Hotel Ozz By HappyCulture,684730161,International Study Trip organised by the Economics Club Mumbai,Jun 2019,"Mumbai (Bombay), India",Dr.Shashi Panikar,/Profile/Economicsclub, May 2019,40,"Hotel Ozz by Happy culture is a nice hostel with very spacious rooms,clean bathrooms.Its located at the heart of the city and the city centre and other attractions are nearby.Breakfast is good and included .We were a group of 45 people and had a comfortable stay for 3 days.",4.0,27,2
32,Hotel Ozz By HappyCulture,678549872,"Good, few changes would make it amazing.",Jun 2019,"London, United Kingdom",SUZANNE L,/Profile/Suzanne739, June 2019,40,"Currently staying here now. Great hostel, clean, modern, new. U can buy breakfast for 5euro..nothing outstanding but does the job..personally I never want to go out looking for food first thing so prefer to eat at hostel. Be nice if it was free but..Staff all lovely. Lots of space to chill. Bathroom..small...but sufficient.Beds were fine...BUT..the top bunk is really high..they stack three beds..I was the lucky one to get the top..now I'm pretty agile so was ok..but even I was a bit worried..plus makes simple things like putting belongings on ur bed a lot harder..have to throw them up or try and carry and climb up or down one handed. No kitchen..def a pain...there is a microwave but would b a lot better to have a proper kitchen Other than that it's a great hostel so...give it a go..near all the things u need...cheap, clean etc..",4.0,50,73
33,Hotel Ozz By HappyCulture,677064741,Monaco GP 2019,May 2019,"Chelmsford, United Kingdom",Steve Knights,/Profile/SteveKnights-195, May 2019,50,"Fantastic Hotel, conveniently placed near Train station for easy access to Monaco on the train. We had two nights in three, six bed rooms, which suits a lads trip to the Monaco GP. Would highly recommend this hotel for large groups",5.0,10,1
34,Hotel Ozz By HappyCulture,675248507,Clean and affordable but a little clinical,May 2019,"London, United Kingdom",KamPoon,/Profile/KamPoon1, May 2019,40,"I enjoyed my stay at Hostel Ozz and would recommend staying here to any backpackers passing through the region. I stayed in a 4 bed mixed dorm and while the bed, bathroom and other facilities were modern and clean there was not a particularly social atmosphere to the hostel. For some I am sure this is no issue at all but when traveling solo, the social element to a hostel is very important to me. This is a minor nitpick for an all together great place to stay.",4.0,39,18
35,Hotel Ozz By HappyCulture,673106378,Play ping pong & make new friends!!,May 2019,"Singapore, Singapore",pajeon & makgeolli,/Profile/pajeon_n_makgeolli, March 2019,40,"I love the table tennis table!! It's a pity that sometimes, the table got used as a table instead. But you should definitely play a round of table tennis or two - a great way to make new friends at the hostel.That's how I've met some good roommates during my stay, and really enjoyed playing table tennis with them. I think that's the one feature that stands out for me at this hostel. The vibe at the hostel is very laid-back, and a good place to meet strangers and become friends there on. However, I think the triple deck beds are a disaster for those fear of heights. On my first day, I was given the topmost deck, and it was a scary experience climbing up and down. I immediately requested to change to the bottom bed the next day. I don't think I could survive my week-long stay without any accidents if I had continued to sleep on the topmost deck. In addition, perhaps, the hostel can consider installing a laundry room, so guests can wash and dry their laundry at the hostel.",4.0,365,80
36,Hotel Ozz By HappyCulture,668834348,Awesome place to stay,Apr 2019,,kasey0410,/Profile/kasey0410, April 2019,40,"This was the first hostel my group has ever stayed in and we loved it! It was 5 girls in a 6 person room. It was spacious, clean and way better than our expectations! The staff was SO SO helpful - with bad traveling incidents happening with us they did they're best to help us. Overall recommend if you are wanting to stay at a nice hostel in a good location for a cheap price!",4.0,4,2
37,Hotel Ozz By HappyCulture,668058541,110% Recommend,Apr 2019,,CaylaNicole,/Profile/Caylanicole, April 2019,40,I was traveling alone and staying in Nice for a few nights and I throughly enjoyed my stay! The staff was very helpful and the rooms were up to par. I stayed in a 4b dorm with en-suite bathroom and everything was clean and I have no complaints at all. Breakfast was also tasty! I will definitely stay here on my next visit to Nice!,4.0,4,0
38,Hotel Ozz By HappyCulture,667776049,Sprang Break Dream,Apr 2019,,Marley M,/Profile/marleymca, April 2019,50,I loved this hostel! The location was supreme - walking distance to beach and old nice while stills close to train station and other ports of transport. The hostel was incredibly clean and nicely decorated. The staff was kind and helpful for recommendations. Will definitely be back!,5.0,1,0
39,Hotel Ozz By HappyCulture,667775705,Comfortable and well-located!,Apr 2019,,204r,/Profile/204r, April 2019,50,"Just three minutes from the train station and fifteen minutes from the Promenade d’anglais, this hostel is was right near everything we wanted to do. The rooms were really nice and clean and the checkout time wasn’t until 11! The staff was helpful and spoke a wide variety of languages.",5.0,2,0
40,Hotel Ozz By HappyCulture,664806166,Great stay at Hotel Ozz,Apr 2019,"Toronto, Canada",Marina B,/Profile/marinab881, April 2019,50,"I was very happy with my stay at Hotel Ozz. I'm a budget-savvy traveler, so I'm always looking out for places like this that are both affordable and comfortable. Love how close it is to the train station, and how comfortable and clean my room is - the bedside curtains are a must! I'd recommend this place to anyone looking to stay in Nice on a budget.",5.0,1,0
41,Hotel Ozz By HappyCulture,664239710,Quite happy with Hotel Ozz,Apr 2019,"Kolkata (Calcutta), India",Pankaj A,/Profile/pankajcd, March 2019,40,"My stay at the hotel was comfortable. Our three-bed dorm wasn't spacious though. But I don't grumble. The hostel is so close to Gare de Nice ville train station. The beach is just 15 minutes walk. You'll be disappointed if you take the breakfast. I'd suggest to buy food from nearby groceries, esp oven-ready food stuff and use micro-oven kept at the dining space. We enjoyed the terrace. The guys at the reception were helpful and officious. My only grouse is that some boarders were creating bedlam and screaming in excitement much to the dismay of other boarders. There should be a division between the dining space and the table tennis playing area...Wi-Fi was okayBut why charging extra for the towels!",4.0,38,27
42,Hotel Ozz By HappyCulture,663076699,Cozy and fancy place,Apr 2019,"Porto Alegre, RS",Nicolli F,/Profile/Nicollibf, March 2019,50,"Room was nice but small and the beds had curtains around it so you can sleep with privacy. They have ping pong in the lobby. The reception was really helpful and always available. They have free coffee during all day, the breakfast was just normal. They don’t allow alcohol beverages from outside the hostel. I recommend this place.",5.0,40,36
43,Hotel Ozz By HappyCulture,661494677,terrible,Mar 2019,"Mexico City, Mexico",alexafernandez,/Profile/alexafernandez, February 2019,10,I went with my friends for the weekend. The place is nice but the sheets were dirty. they charge extra for the towels and the breakfast despite they told us it was included in the price when we booked it. The receptionist was not welcoming at all and he turned the lights off when I was clearly still in one of the common rooms and walked out. I did not enjoyed my stay at all and was very disappointed.,1.0,1,1
44,Hotel Ozz By HappyCulture,660802217,"""Would Recommend""",Mar 2019,,Mikey G,/Profile/nycmadrid, March 2019,50,"Room was nice and the beds had curtains around it so you can sleep the entire day if you wish too.  They have ping pong in the lobby, not gonna lie it got competitive.  Also have a bar and Heineken on tap.  Wifi pretty elite too, no buffering when I was streaming Netflix.",5.0,1,0
45,Hotel Ozz By HappyCulture,653971370,Recommended,Feb 2019,"New York City, New York",I-Lun C,/Profile/lifeishopeful, February 2019,50,"The gent at the front desk is super friendly, gave me a lot of info about the city. Room is small but tidy, great location. The lounge area is cozy, free coffee is great. There's also table tennis area.",5.0,1,0
46,Hotel Ozz By HappyCulture,650132381,Great place to stay,Feb 2019,,Daniel N,/Profile/danielnR9117AF, January 2019,40,"Hostel was a walk away from the train station which was really great. The reception was really helpful and always available. The free coffee all day and night was a blessing! Breakfast was ok, just normal. Having the bathroom in the rooms and each bed having its own curtain provided the mych needed privacy. Downside was the room were really really small. All in all though, it really is a wonderful place to stay when on a budget in Nice",4.0,21,1
47,Hotel Ozz By HappyCulture,649707603,Very Clean and Accomodating,Feb 2019,,Charlotte L,/Profile/E7017FPcharlottel, February 2019,50,Great hostel! Staff is very helpful and make sure you hit all he must-sees during your trip. The rooms are clean but compact. Lots of games and space in the common area to meet people or just sit and read by yourself.,5.0,1,0
48,Hotel Ozz By HappyCulture,649707291,Great hostel,Feb 2019,,Elizabethsb28,/Profile/Elizabethsb28, February 2019,50,Hotel Ozz has been very accommodating. We arrived a few hours prior to our scheduled check in but they were able to let us into our room early! The facility is super clean and there is tons of common room to sit and work. Staff is friendly and helpful in recommending local places to eat and visit.,5.0,1,0
49,Hotel Ozz By HappyCulture,648025715,Birthday Trip,Jan 2019,"Long Beach, California",Samuel C,/Profile/samcast89, January 2019,50,"Let start off by saying that Thomas was awesome helping me get settled and promptly solved any issues. Prepaid for breakfast (super convenient) of which was delicious. This hostel is unlike any horror stories I’ve encountered from travelers. Very clean and functional for an expected small space. The common area is cool, stylish, and inviting. There are suggestions everywhere so that you can maximize your stay. Overall a great choice and an awesome location (restaurants and shopping not far at all)!",5.0,7,0
50,Hotel Ozz By HappyCulture,646323543,Nice play to stay,Jan 2019,Monaco,Manuel Moreno,/Profile/eneuss, January 2019,50,"Is a really nice play to stay, the staff is really helpful, the location is perfect if you need to take the train every morning,  the main station is just 2 minutes waking, also you have supermarkets, restaurants, the tramway really close, the place is clean and have a wonderful vibra.",5.0,13,0
51,Hotel Ozz By HappyCulture,642930418,Clean and cozy,Jan 2019,,Caterina B,/Profile/737caterinab, January 2019,40,"It is a pretty mix between a hotel and a hostel, very clean. It is located literally 2 minutes away from the train station. The common/dining room is ideal to spend some time studying, working or chatting with guests. Staff is outstanding (especially Dali at the check in, thank you).Considering the prices of some places in Nice I recommend this pretty cozy place to both travelers and families.",4.0,2,2
52,Hotel Ozz By HappyCulture,640065838,Jen,Dec 2018,"London, United Kingdom","Yi Jen, Hsieh",/Profile/hsiehyije_77, December 2018,30,"We stayed here for two nights. We met a problem that the morning lady in front desk gave us a bed that actually already had someone check-in. We found out our cabin was used by someone and we let the front desk know immediately but they didn't deal with it. So someone called me up in the midnight, that's really uncomfortable. The good thing is the guy at night of the front desk was really nice and friendly, he helped us a lot.",3.0,1,0
53,Hotel Ozz By HappyCulture,638588688,"Great, tidy place, minutes walk from the train station",Dec 2018,"London, United Kingdom",mmil094,/Profile/mmil094, December 2018,50,"I turned up at this place not realising that somehow my booking had gone through for two nights previously. Unsure if this was my fault, or a website glitch, I was a little resigned to maybe having to pay double - or worse not having a place to stay. But the lady at reception kindly organised a new booking for me with no additional charges. The dorms were clean, sheets and duvets, were some of the best I've ever had at a hotel, and definitely the best at a hostel, so for the price and given the usual standards of hostels across France - this was great value for money. Free hot drinks were an added bonus. Thanks for a lovely stay.",5.0,120,52
54,Hotel Ozz By HappyCulture,634130164,Nice phostel,Nov 2018,,Toomas N,/Profile/toomasn2017, November 2018,50,"Nice and clean Hostel close to railway station.Good service.Like to be here again in next yeat.Need to be more fresh air.Good public transport,frendly people.Old town is very close by tram.I hope to be back in next year.",5.0,1,0
55,Hotel Ozz By HappyCulture,633785743,The top awesome hostel,Nov 2018,,Mika S,/Profile/618mikas, November 2018,50,"The hostel is modern and clean. Reception was friendly and customer-minded. The rooms were neat and everything looked new. No noise was heard at night.In detail, coffee is free of charge from the automaton, and wifi works well. I liked the breakfast that was ""French-minded"". In fact, the lobby area is excellent. The only negative side was that the room was quite small. There should be some chair there. Additionally, if staff bosses are present, they should also consider customers; at least create eye contact. It is non-linguistic communication. In any case, the hostel was awesome!",5.0,1,1
56,Hotel Ozz By HappyCulture,632498410,Small rooms but great hitel,Nov 2018,"Aarhus, Denmark",Rebecca,/Profile/QueenBecks, November 2018,40,I shared a double room with my friend and while it was small it hade dry thing we needed. Perfectly clean and comfy beds. Only downside was that it’s poorly soundproofed so bring earplugs. Other than that all good! Close to the train station and a 10-15min walk to the old town.,4.0,495,105
57,Hotel Ozz By HappyCulture,632299931,Average but not clean,Nov 2018,"Los Angeles, California",Trishla P,/Profile/trishlap2013, November 2018,30,"The lobby area and staff are very friendly and helpful. However the beds are uncomfortable, the bathrooms are dirty at least ours was and it smelled really bad like a gutter pipe leaking. The bathrooms and lockers were old with junk on them. However, the room itself was ok. The location is good to only travel to Cannes and Monte Carlo. However to get to the beach in Nice it’s a 20 min walk. The breakfast didn’t have any milk cereal or yogurt or fruit which is a staple for any breakfast.  However the coffee and green tea was nice. Stay here for 3 nights max not more.",3.0,26,41
58,Hotel Ozz By HappyCulture,631908050,Excellent,Nov 2018,"Oxfordshire, United Kingdom",Katie R,/Profile/771katier, October 2018,50,"Great hostel located very close to the train station and main shopping street. Rooms very clean and beds comfortable. Staff very friendly and helpful. Free luggage storage for when you've checked out. Free hot drinks and water all day. Only thing that could be improved is the breakfast. It was included in my room rate and consisted of a hot drink, croissant and fruit puree pot - not really worth the 5€ if you're going to pay extra for it.",5.0,94,7
59,Hotel Ozz By HappyCulture,626856876,Great central spit,Oct 2018,"Huntsville, Canada",Rich T,/Profile/719richt, September 2018,50,"This is an awesome little hassle that’s about a 10 minute walk from the train station. Impeccably clean and the staff are very very helpful.  The wifi was fast, and it was surprisingly quiet for a hostel.",5.0,121,3
60,Hotel Ozz By HappyCulture,625792543,The hostel to book,Oct 2018,,Zoheir B,/Profile/zoheirb653, October 2018,50,"Everything was perfect from the location to the personal I highly recommend this hostel clean, value deal and perfect location.We visited Nice Monaco Cannes and it was amazing thanks to the hostel:).",5.0,1,0
61,Hotel Ozz By HappyCulture,625102995,Excellent,Oct 2018,,Milena M,/Profile/MilenaM896, October 2018,50,"I really liked my stay there. The room is clean and the staff really friendly and helpful. The location is excellent, in the heart of the city. I found the bathroom inside the room too small though and I also think that the breakfast could be better, more healthier.",5.0,3,3
62,Hotel Ozz By HappyCulture,624985972,Ticks all the boxes,Oct 2018,"Cala Ratjada, Spain",Rosie B,/Profile/232rosieb, October 2018,50,"I stayed here for a family city break for two nights and we all had a really lovely experience (we had four rooms booked up in total).The location was great, the beds were so comfy, we didn't hear any street noise from outside, the downstairs bar/breakfast area was great for a few drinks in the evening and the staff were all great.",5.0,10,0
63,Hotel Ozz By HappyCulture,620115305,Hotel Ozz,Sep 2018,,Elmar W,/Profile/elmarw2013, September 2018,30,"Newly refurbished room (with exemption of the bath tiles), quite small but modern styled and clean; there is no real cupboard for longer clothes like robes; hairdryer can be borrowed at the reception but might run out (we have been told); room safe can be rent with extra charge; breakfast: no buffet- you will get a plate with plastic cutlery, Croissant, bread, jam, butter and chocolate cream; coffee, tee, orange juice and water are with refill but of low quality; the staff was very attentive and polite - their tips where to go in Nizza have been perfect; location of hotel is fine next to main train station and bus 99 which gets you directly to the Airport; main Road is just 5 walking mins away",3.0,169,90
64,Hotel Ozz By HappyCulture,618770437,Stay for one night in Niza,Sep 2018,,Juan Pablo U,/Profile/juanpablou2016, September 2018,30,"The hotel Ozz is more an hostel with familiar rooms (with private bathrooms) than a normal hotel. Any way, it was clean and beds comfortables. The room for five is very small (the bathroom also), but is ok for one or two nights. For more nights I will not recommend it. Also is a very good option for people that will be outside the hotel (if you want to pass more time at the hotel, i will not recommend it). The breakfast was good (quality and quantity). It is not a buffet, but is ok. The people at the reception are very nice.",3.0,54,29
65,Hotel Ozz By HappyCulture,614034678,First time in Nice!,Sep 2018,,Maria Fernanda R,/Profile/MariaFernandaR80, August 2018,50,"Great team! Nice place, comfortable rooms. The hotel is pretty well situated (train station and shopping Avenue 5 minutes walking and 15 min from the beach). We really had a great time in Nice. Thank you so much A.V. :)",5.0,1,0
66,Hotel Ozz By HappyCulture,613729125,Nicest hostel in Nice ;),Sep 2018,,Seb L,/Profile/14sebl, September 2018,50,I spent a fair amount of time at OZZ this summer during an extended stay in France and can honestly say it was an unforgettable place to be and an incredible town to visit. The beds are comfy and the rooms and common areas always spotless thanks to a wonderful house team. The reception staff are extra friendly and always there for their guests around the clock whether you have a problem or just looking for fun things to do. Thank you to each and every one of the staff and management for their help during my trip and good luck for the future wherever it may take you! Missing you and the sunshine already! See you all soon guys!!,5.0,1,0
67,Hotel Ozz By HappyCulture,612730214,"Good hostel, bad roommate experience",Aug 2018,,xamiiex,/Profile/xamiiex, July 2018,30,"The hostel itself was nice and clean, and the staff was helpful. However I had a very unpleasant experience due to a horrible roommate (through no fault of the hostel). There was a Korean girl (let’s call her JD) in my dorm who was literally the most inconsiderate, disgusting and rudest human being I’d ever met. Firstly, she ignored everyone who said hi to her. She then made the bathroom completely wet and dirty but didn’t clean it up (note: having a bathroom inside the dorm is a terrible idea in hindsight). Another roommate saw it and was appalled. JD didn’t own up to it or apologise. On my second night, I came back to the room wanting to take a shower but couldn’t find my own personal towel (not a rented one) which I’d hung at the end of my bed. I was outraged to find it soaking wet with nasty stains on the table which JD had put her stuff. She was the only person in the room that morning when I left. The only logical explanation is that she’d used my towel to wipe the bathroom floor. It was absolutely unacceptable and I’m fuming just thinking about it. I told the receptionist who kindly swapped my towel for a clean one (but it meant I had to give up my own personal towel). JD came back very late that night so I couldn’t confront her. At around 4/5am she started making a lot of noise with her suitcase, going in and out of the room, for almost 2 hours. She then left before I had the chance to confront her. I know my experience was outside of the hostel’s control and it was really down to your luck with whom you share your dorm with. But I can’t help but be wary about choosing hostels that have shared bathroom inside the dorm (as opposed to a big communal one outside the dorms).",3.0,23,32
68,Hotel Ozz By HappyCulture,612438617,Perfect for solo travelers ,Aug 2018,"Sydney, Australia",BONGO925,/Profile/BONGO925, August 2018,40,"Last time I stayed in hostel was nearly 15 years ago. I read few reviews mentioning of noise etc..but this is what sharing room with strangers are all about. Clean room, great staffs and 4 mins walk to Nice Ville station...can’t possibly get lost. Being a wanderer, location is great for every proximity and take advantage of having the station near as you can venture out to all the other beautiful Côte d’Azur towns near by. Only problem I had was getting up to the 3rd level bunk bed...if your acrobatic and adventurous, then it’ll be thrill seeking:) but lovely Alex at the reception arranged to ensure my 2 days was going to be comfortable to do his magic to shuffle around the room allocation and I was happy camper. Thank you and have fun to all the future stayers!",4.0,11,7
69,Hotel Ozz By HappyCulture,611480938,less than average comfort,Aug 2018,"Moscow, Russia",Glashka,/Profile/Glashka, August 2018,20,"My room was not ready at the claimed check in time (3pm); I've been waiting till the cleaning was finished at 15:45.The bathroom is spacious, but moldy, and some of the equipment is broken.The room was extremely noisy. It was overall okay for 2 nights, but not something I would recommend.",2.0,33,43
70,Hotel Ozz By HappyCulture,609926517,I would say 9/10 more than 5/5,Aug 2018,Italy,Myskin1982,/Profile/Myskin1982, August 2018,50,"I has been in mid of august 2018, in a shared room with other 5 people. Honestly I had been able to sleep all the three nights without any problem.  PROS: Every bed has its own light, socket and curtains! It's very good you can have your own socket and bed light, I know it should be a must of every hostel, but it is not... In addition every bed has its own curtain that allow you to completely surround you, that is very good when people switch on/off the light of the room. There were a lot of young people and I think is a good place to meet new people. Building is close to the trainstation and the center Staff is extremely kind. Bathroom in the room.  CONS:  The bathroom (at least the one in my room, but I think in everyroom) was missing the hook where to place your towel when you take a shower, it is also pretty small. Breakfast is not extremely good, neither so various. Prices might be a little bit higher respect to other hostels in europe, but probably not respect to Nice! :)  I would reccomend it to others, but I would also reccomend other cities in Europe rather than Nice :D",5.0,17,0
71,Hotel Ozz By HappyCulture,609381934,Clean; Convenient Location,Aug 2018,"Stevens Point, Wisconsin, United States",Kellyn C,/Profile/KellynC869, August 2018,30,"This is a hostel. It is clean. A convenient location to the train station and other places to visit in Nice. Staff was helpful and the social area was well kept. The breakfast was yummy but lots of carbs (bread and more bread), so we opted to go around the corner to a cafe (Le Circuit) for breakfast on a couple occasions. Rooms were quiet, and very small. Showers were tiny tiny tiny! You must rent a towel for 5 euro (a one-time payment for your entire stay) if you haven’t packed your own. That was a surprise to me, but not a huge deal. Area was safe to walk in in the evening for a group of women. Good, clean, quiet place to stay with no “extras.”",3.0,50,16
72,Hotel Ozz By HappyCulture,608059514,Absolutely loved it. ,Aug 2018,,Coastal755860,/Profile/Coastal755860, August 2018,50,I have never stayed in a Hostel before but this was a great experience. Ozz Hostel is very clean and welcoming. Great shared area to meet other travelers. Loved that the bunk had curtains for privacy. All ages and ethnicities. As a solo traveller I felt very comfortable here. Great staff too.,5.0,1,0
73,Hotel Ozz By HappyCulture,607332179,A very nice stay in Nice~,Aug 2018,,Toro T,/Profile/torot644, July 2018,50,"I was met by very friendly reception and was happy to arrive to clean and cool-looking room.  The beds are equipped with curtains, which provide great privacy, especially in the morning when people wake up at different times in shared rooms.  The common room is inviting and relaxing, complete with a free coffee machine, and there's a calendar with lots of local events that you can explore~The proximity to the Nice-Ville station was a big plus for me in particular, especially since I had a couple of travel issues that required me to go back and forth (you can also quickly take a train to Monaco from this station).  Also an easy walk to the beach and many of the city's attractions.  I would recommend this hostel to fellow travelers. ~TA.",5.0,1,0
74,Hotel Ozz By HappyCulture,606678650,First time,Aug 2018,"La Rochelle, France",Cameron S,/Profile/87camerons, August 2018,50,"For a first time in a hostel, very impressed at the reception right until the check out!Very comfortable bed, the only remark I could make is there wasn't a soap dispenser in the wc.The bed could do with net or something to put one's small objects (phone wallet)",5.0,5,0
75,Hotel Ozz By HappyCulture,606299656,Great stay - definitely recommended!,Aug 2018,"Cologne, Germany",Katherine S,/Profile/Katherinerr, August 2018,40,"I had a great stay at Hotel OZZ - fab location, close to the station and within walking distance of the centre, the Promenade des Anglais & other sights. The staff were welcoming and super friendly! They helped us out and also allowed for my brother’s very late check-in, as there’s always someone manning the desk!Price was great considering I booked a weekend in August only 2,5 weeks ahead.Modern and clean 6-bed dorm.Beware: book a 4-bed dorm if you don’t like heights (I was on top in a 3-bed bunk).Good breakfast for 5€ (and served until 10:30!)Only negative would be the lack of a soap dispenser in the bathroom.",4.0,16,2
76,Hotel Ozz By HappyCulture,604427612,Odd hostel ...,Aug 2018,"Cannes, France",domtomnet,/Profile/domtomnet, August 2018,30,"I came here last year but didn't see the ifs and buts for some reason. So here a more accurate review.First, it's a hostel not a hotel though it has a couple of double room. So think backpackers. Secondly, Very clean hostel but rooms for 4 are way too small, you can barely move from your bed and shower cabins are incredibly tiny and you would have difficulty to get into or to wash your back !Third, no fridge is available for customers and needless to say that in this very hot summer, this is more than required especially when you pay 40 euros for sharing a bed in a tiny room ... they are more willing to make you pay 3 euros for a chilled soda or 20 for a bottle of wine, let alone speed dating or language exchanges nights they organize sometimes where the common space is not available for residents ! They get paid by a outside company for doing so.Fourth, living room and dining area can be dirty during the day with bins full.It looks that the night staff is doing a tremendous amount of work, looking after bookings and night requests, cleaning the whole lot, taking the bins out, preparing and baking croissants for breakfast etc ... everything done by a single young and friendly man which I believe is under staffed !Otherwise, a good point for the cleaning ladies doing a fantastic work on a numerous rooms and beds (nearly 200 I think) and for the qualified reception staff.So I believe that 3 out of 5 is well paid.You need to do better in the future !",3.0,57,26
77,Hotel Ozz By HappyCulture,597877953,One of the best hostels I've stayed at in the world,Jul 2018,"Brisbane, Australia",Toan N,/Profile/toannguyenaustralia, May 2018,50,"I've stayed at different hostels across Oceania, Asia, North America and Europe, and am extremely impressed with this one in Nice. The quality and standard is way higher than the average hostel. I was in a 4-bed dorm. Things like power points within the bed, curtains, airconditioning, lockers, effective showers, it all makes the experience great and breaks that cheap stigma hostels have. The internet speed is good,and I had quality sleep every night I was there. I would definitely come back again.",5.0,3557,234
78,Hotel Ozz By HappyCulture,595932239,Fantastic hostel!,Jul 2018,"Oxford, United Kingdom",mollykane,/Profile/mollykane, July 2018,50,Staff were so unbelievably nice and accommodating! Facilities including very cold water and ac which were very appreciated and the WiFi was fantastic - able to FaceTime with no issues and stream any tv shows! I would 100% recommend and stay there again.,5.0,2,0
79,Hotel Ozz By HappyCulture,592701104,Amazing stay at Ozz,Jul 2018,"Abu Dhabi, United Arab Emirates",Lucia,/Profile/78luciam, June 2018,50,"My friend and I decided to go to Nice for a couple of days, and we can say that we experienced a great stay in Hotel Ozz by Happy Culture. The location is amazing:walking distance from the train station, shopping street, 15 minutes walk from the beach and the Promenade Anglais, where there are a lot of bars, restaurants and everything that you need. In the morning there is an option for breakfast, and their idea is very interesting. They offer a tray with a choice of croissant (or pain au chocolat), bread, butter, jam, nutella, as well as orange juice or still water. The place is really clean, the staff is friendly and helpful. We enjoyed the stay there and we really recommend it.",5.0,11,0
80,Hotel Ozz By HappyCulture,592674217,Nice hostel!,Jul 2018,"Dongen, The Netherlands",evacommeren,/Profile/evacommeren, June 2018,40,"Hôtel Ozz is quite big, but it didn't bother me. The most of the people you meet is in your room or in the common area downstairs. The common area is nice with a lot of possibilities to play games with other residents. I only missed the kitchen. You can get free coffee, hot chocolat and cold water and use the microwave and plates and cutlery. The staff was very friendly. The rooms were neat, only the bathroom could have been a little bit better/cleaner.Eitherway I enjoyed my stay ot Hôtel Ozz!",4.0,3,0
81,Hotel Ozz By HappyCulture,590941764,Lovely hostel!,Jun 2018,"London, United Kingdom",Bex H,/Profile/142bexh, June 2018,50,"Great hostel, modern, clean, great location and huge open social space downstairs. Stayed in 6 person room - was on top of 3 storey sturdy spacious bunk bed (quite high up) but very comfy and had privacy curtain. Staff were fab! Would recommend :)",5.0,52,2
82,Hotel Ozz By HappyCulture,590523387,Not a typical hostel,Jun 2018,,Jeri S,/Profile/788jeris, June 2018,30,"This hostel is clean and the staff is Great. Great location close to train station Nice central . 10 min walk to beach. Take water shoes the shore is rocks and you can’t walk on them without looking crazy because they hurt. Take the train 20 min to Monte Carlo and do your beach day down there. Much nicer beach and it’s a 4 euro train ride mostly next to the beach . Or take the train villefrance sir mer ( or close to that ) that looked amazing too. We did a boat tour Corte de sur’ about 18-20 euro for about an hour , that was worth it to see the coast from the water.",3.0,25,0
83,Hotel Ozz By HappyCulture,590327753,Charming place in the centre of nice,Jun 2018,,La D,/Profile/62LaD, May 2018,40,"A hostel for young people and those who still feel young. Situated in central nice it’s close to city centre and old town. Here you find a friendly and helpful staff, small but very clean rooms, free breakfast and coffee or tea whenever you want. I would choose that place again 😊",4.0,22,4
84,Hotel Ozz By HappyCulture,589574848,One night visit before ferry,Jun 2018,,Andrius O,/Profile/andriuso250, June 2018,50,"As I had one night to spend between my flight to Nice and ferry to Bastia I was looking for some hotel or hostel close to port. Location is very good, train station is very close, tram line goes just couple of minutes walk from hotel. There is small store nearby so as many restaurants and cafes. Staff was extremely helpful, attentive and friendly. Always smiling, communicating and helping with any question you may have. The 6 bed dorm was clean and quiet. I liked the curtains on each bed, what gives some privacy to you and other visitors. Lovely atmosphere everywhere. Highly recommended.",5.0,2,0
85,Hotel Ozz By HappyCulture,585850507,Modern and easy-going hotel,Jun 2018,"New York City, New York",acheng2k,/Profile/acheng2k, June 2018,50,"We stayed at this tourist friendly hotel for 1 night after we landed Nice on a Saturday afternoon. The staffs were all very friendly and helpful. Although no parking was available at the property, the staff at the front desk suggested us to find a parking spot on the street directly as it’s free to park on the street the whole day on Sunday. Room was small but comfortable and equipped with everything we need. Hair dryer is available upon request. The dining area on the ground floor was well decorated that made us want to slow down our pace and enjoy a cup of coffee (on the house). Location is very convenient and with walkable distance to the beach.",5.0,332,39
86,Hotel Ozz By HappyCulture,585762978,Clean and great facilities,Jun 2018,"Sydney, Australia",Jasmine D,/Profile/Jasmine7107, May 2018,50,I stayed here with a big group for 4 nights and absolutely loved it. The room was nice and clean and the beds amazing and also clean with chargers and privacy curtains. The staff are super friendly and helpful and breakfast was also great. The only downfall was how tiny the room was and with 4 if us it was hard to fit our suitcases but that’s just small hiccup in what is a very nice place it’s stay,5.0,21,6
87,Hotel Ozz By HappyCulture,583719438,"Clean, cheap, well-presented, good location - highly recommended!",May 2018,"Luddenden Foot, United Kingdom",Rick W,/Profile/rickw649, May 2018,50,"Needed an uber-cheap place to stay for a stag do to the Monaco GP. Booked Hoel Ozz: seven of us, in two rooms for under £50 each - perfect! It’s right next to the station, which we needed to get to and from Monaco, and a 5 min walk into Nice centre. Spotlessly clean, decent amenities for a hostel and really nicely presented. Wouldn’t hesitate to book again. I really recommend this place",5.0,35,38
88,Hotel Ozz By HappyCulture,582148977,I Was Very Very Pleased,May 2018,Baltimore,Ken L,/Profile/KenfromBalto, May 2018,50,"First off, if you're a youngster travelling on the cheap, don't read my review.  I am an oldster and got booked here mostly at random by TripMasters.  I cannot tell you the price because it's all baked in but it is in the low range for Nice hotels. The reviews we read scared my wife some.  Yes, it is a hostel and many of the people staying there are sharing rooms and that's not our cup of tea.With all that out of the way, we had a ""large double"" room.  Not large by American standards but, for me, adequate.  I wanted a bed and a shower and they were both present and in good working order.  The location, for me, was perfect.  Two blocks from the train station, three blocks from the main drag where the tram runs, maybe 1/2 mile to the promenade, and withing 100 yards of a fruit market and a couple of boulangeries.The staff there is young and eager and friendly.  Jonty, you are the man and you can come visit me any time in the states.  The rest of the staff really tries.  Some seem new and not as knowledgeable but WTH.  There is breakfast every morning. We did not partake.  They have free coffee all the time and, as I said, I could walk to a boulangerie and a fruit market.  Their five euro breakfast seemed okay but for next to nothing, we had baguettes or croissants and some local fruit.  Ehhh, whatever.The first floor is a meeting place for all of the current guests.  Converse with others if you like, sit by yourself if you prefer.  I met some interesting folks and had some interesting conversations.  My wife is more of a loner and was quite comfortable being by herself.Finally, I will mention that I had some questions regarding the hotel before my stay.  I emailed reception and Diana gave me good and accurate responses.  Thanks Hotel Ozz.  You played a big part in making our stay in Nice very pleasant.",5.0,54,13
89,Hotel Ozz By HappyCulture,579413002, Special place at fair price,May 2018,,Redha A,/Profile/823redhaa, May 2018,50,"I had the opportunity to discover Ozz by chance. The fist time was end of September 2017.I liked the place up to the point to spend a couple of weeks there.After that I came back a couple of times and the last time was two days ago.The first strong point of this place is its cleanness compared to other hostels.The second strong point is its location.The third strong point is its staff and management (very professional and friendly staff).The fourth stenghts is the loby and terrasse (even small and restricted) areas.. Where one could eat or smoke navigate on the net and make new friends from all over the world.Prices are very interesting and mainly in low season, but what I advise management to do in high season is to pay attention to Airbnb competition that may take some of their market share..",5.0,1,0
90,Hotel Ozz By HappyCulture,575267935,Perfect,Apr 2018,,Agnieszka A,/Profile/165agnieszkaa, April 2018,50,"Really great place, perfect location, affordable and worth its price, friendly staff, nice breakfast. We enjoyed our stay and can recommend it honestly. I would definitely go back. Thank you for being good hosts!",5.0,4,0
91,Hotel Ozz By HappyCulture,572837682,More of a hostel than a hotel ,Apr 2018,"Evesham, United Kingdom",Cathy W,/Profile/514cathyw, April 2018,30,"We stayed here for one night when we were travelling by train back to Paris.I hadn’t realised that this is a hostel rather than a hotel but it was fine. We had a double bed (I think there must have been a plastic undersheet because it got very hot and sticky in the night); the Wi-fi was fine and the bathroom though tiny was adequate. The room was perfectly clean and ready for us even though we arrived early.The night was quite noisy - both from noise from the street and from the younger residents. Breakfast was adequate, provided on a tray which you pick up from a bar.The staff were helpful and pleasant and there was a really nice vibe although I think I’m too old to appreciate it these days!",3.0,83,44
92,Hotel Ozz By HappyCulture,571558624,Small city ,Apr 2018,,kianaafsari,/Profile/kianaafsari, April 2018,30,"Hotel Ozz By happy culture has really good staff that help you find your way and could speak English very well,hotel Ozz ... has 24 h  free cafe machine and tea and macro wave. You don’t need breakfast,because it doesn’t have any special thing. The location was great.its near the main streets. But the room was small and you can’t walk in room and you have to just go to sleeeep:)",3.0,8,1
93,Hotel Ozz By HappyCulture,571490271,Nice and modern with the friendliest staff!,Apr 2018,Sydney,Dede S,/Profile/787dedes, April 2018,50,"I had a really great stay at Hotel Ozz. The staff were beyond accommodating, they went above and beyond to take care of their customers. It's half hostel half hotel so if you're after a party hostel (or somewhere aimed towards young people) I'd probably go elsewhere but I really liked it because it was clean, modern, the breakfast was nice, the free coffee was great, it was in a great location and it was the perfect little getaway for a slice of sunshine in the French Riviera! Would 100% definitely recommend :)",5.0,6,3
94,Hotel Ozz By HappyCulture,568559445,"Basic, clean hotel which is currently being upgraded outside",Mar 2018,New Zealand,scottyheather,/Profile/scottyheather, December 2017,30,Room was clean and functional but it was a pity that the whole facade was covered in tarpaulin due to renovations.I wouldn't pay 7 euros though for the breakfast which looked basic at best.  On Christmas Eve there was nobody around to serve drinks at the bar - it looked dead.Good location close to the train station.,3.0,104,36
95,Hotel Ozz By HappyCulture,568235278,"Excellent Location, Clean Room, Friendly Staff",Mar 2018,"Hong Kong, China",onehundredimages,/Profile/onehundredimages, December 2017,40,"The room is clean and there's a private bathroom in each room which I liked most. The location is excellent which is very close to the train station and the bus stop to the airport. The staff was friendly and helpful, too. There was no tables or chairs in the room so that I had to sit on my allocated bed which was very difficult to sit straight inside the lower level of a double decker bed.",4.0,207,27
96,Hotel Ozz By HappyCulture,566964679,Cozy and economic,Mar 2018,,Coco Z,/Profile/cocoz2018, March 2018,40,"The communal area/common room (or whatever one wishes to call the ground floor lounge) was my favourite feature of the hotel. It was like a quiet cafe where one can read and enjoy coffee and tea refills. The breakfast was not bad either, simple but tasty. The room was clean and tidy, though the towels come with extra charge (5 euros each, but replacement is free). The staff members were generally friendly and helpful. The walls were too thin, though. Better hope your neighbours have the sense and courtesy to pipe down after midnight, or you would be in on their conversation unwillingly. The location was first rate, 2 minutes walk to railway station and easy distance to the town square (where the ferris wheel is) and the beach. Overall a good place to stay.",4.0,4,0
97,Hotel Ozz By HappyCulture,566564436,Comfortable stay,Mar 2018,"London, United Kingdom",Kesolaisa,/Profile/Kesolaisa, September 2017,50,"My friend and I stayed for 3 nights in a 4-bed female room with a shared bathroom.The room was spacious and the bunk beds were very comfortable to sleep in. There is air-conditioning in each room. Each bunk bed has a personal light, sockets and a curtain for privacy. There is also a locker allocated per person, but you need to have your own padlock or buy one from the reception. The bathroom was clean and comfortable to use. You need to bring your own towel but you can rent from the reception. You can also borrow a hair dryer.The building is relatively new and well kept, and there's a lift. The staff are very friendly. The reception/main area is spacious with tables and chairs, TV, guitar, games, etc. There is a microwave in the dining area which you can use. We didn't avail the breakfast but it looked like standard French breakfast (croissant, spread, butter, and cereals, hot drinks and juice).There's a secured luggage room where you can leave your stuff before check-in/after check out, and an outside seating/smoking area.It is about 13 minute-walk to get to the Old Town from the hostel which is not too bad really, but it is very near the Gare de Nice Ville train station (3 minute walk), tram line and the bus stop for the airport (just past train station), which is handy if you plan to do trips to neighbouring areas like Cannes and Monaco or to get to/from airport. There are also loads of restaurants and supermarket/convenience stores within the vicinity as the hostel is just about 5 minutes from the high street.Overall, it was a great and comfortable stay for a very affordable price. I highly recommend this hostel.",5.0,269,106
98,Hotel Ozz By HappyCulture,565468775,A NICE AND FRIENDLY HOSTEL IN NICE !,Mar 2018,"Cagnes-sur-Mer, Provence-Alpes-Cote d'Azur, France",BaluchonRoad,/Profile/BaluchonRoadLisa, March 2018,50,"Great location close to the train station, main street Jean Médecin and 10 minutes walk from the beach. Staff were super friendly and helpful.Super clean hostel. Room, lockers, bathroom, bed (with curtains for privacy, plug and light) were really clean and confortable (just the space for the lower bed is a bit short so be careful with your head !!).And just let you know they don't have a kitchen we can use for cooking or storage for the food but you can use a microwave and plates, glasses, bowls and there is free coffee, chocolate and tea.It was really quiet until 2 groups of young people came...I really enjoyed my stay there! Thanks guys.",5.0,44,31
99,Hotel Ozz By HappyCulture,562046092,Great friendly hotel ,Feb 2018,"Northolt, United Kingdom",Rima B,/Profile/544rimab, February 2018,40,"This hotel is ideally located so close to the tram line, train line and 2 mins walk after being dropped off by the 99 bus from the airport (€6 one way each). Also 30min train journey to Monaco and 2 stops to Villefrance. It was clean, staff were very friendly and helpful. The free hot drinks was lovely, we didn't have breakfast at the hotel though. Our room was nice, only thing is the bath was difficult to use as the ceiling was slanted. They were undergoing renovations at the front but that didn't cause us any problems.",4.0,115,30
100,Hotel Ozz By HappyCulture,553932309,"Good hostel, small rooms",Jan 2018,"Eindhoven, The Netherlands",Manolis C,/Profile/ManolisC485, January 2018,40,"The hostel is well located, near the train station, although the neighborhood near the station is full of immigrants and doesn't offer the best feelingIt is modern, clean, and cheap for what you get. Overall a good experience, although the rooms are very small, you always hit each other when you try to walkps: The breakfast is a  joke, unless offered for free from the website, skip it, it's basically a croissant with marmelade for 5 euros...",4.0,25,5
101,Hotel Ozz By HappyCulture,551664816,Super good hotel,Jan 2018,"Hong Kong, China",helloheyy,/Profile/helloheyy, May 2017,50,"Very good hotel with good priceThe staff are so helpful and nice,they shared the nearby places to visit and eati left my tax refund form in the hotel and the staff send it back to me without any charge",5.0,3,5
102,Hotel Ozz By HappyCulture,551077604,"Smallest dorm rooms, but great vibe in lobby",Jan 2018,"Sydney, Australia",Claire,/Profile/clazz96, July 2017,30,"Our dorm rooms were SO SMALL that we could not fit all of our luggage in. I was sleeping curled up in a ball with my suitcase at the foot of my bed. I guess that's what happens when you travel on a budget though, so if you're looking for luxury don't book a dorm room! The lobby was pretty cool with a tv, tables, chairs, beanbags and a guitar!When someone in our room was having a shower, water would leak out of the electrical socket just outside the bathroom...",3.0,110,31
103,Hotel Ozz By HappyCulture,546108910,Superb city break ,Dec 2017,"Brighton, United Kingdom",Paradise-Paul,/Profile/Paradise-Paul, December 2017,50,"Real value for money with genuine customer service at central location. Wide variety of restaurants available nearby. Minutes from airport shuttle, train station and main tram line. Reception are really helpful and look after their guests",5.0,14,5
104,Hotel Ozz By HappyCulture,545232159,"Nice place, but with cons",Dec 2017,,Joel S,/Profile/joelsQ9707JL, December 2017,30,"Me and My girlfriend liked alot about th hostel, nice room, calming colors, good wifi. But No warm water in the sink, no regular soap only shampoo. Our room had a low ceiling as well which was sort of annoying. So a nice place, nice people, but with some cons which sort of makes sense since its a hostel, not a hotell.",3.0,1,0
105,Hotel Ozz By HappyCulture,544993033,Happy Stay,Dec 2017,"Dubai, United Arab Emirates",RJGLdxb,/Profile/RJGLdxb, November 2017,50,Its clean and very central. You can walk to place massena in 10 and promenade des anglais in 15 mins. I truly enjoyed my stay. Gare Thiers tram station is 3 minutes. The breakfast was fine. The staff were very helpful. Bisous,5.0,8,7
106,Hotel Ozz By HappyCulture,543281897,Stylish hostel in top location,Nov 2017,,Alexander S,/Profile/alexandersM7337JB, November 2017,40,"It's in a top location, only a 5 min walk to the train station, 10-15 min to the beach and 15-20 min to the old town. Restaurants and little shops just around the corner, bigger shops and malls within a 5 min reach. Cool common area, clean and air conditioned rooms, very nice staff.Only little downside was that breakfast was only on the sweet side with marmalade and Nutella. I prefer it salty with cheese etc, but that's just me, other than that it was good.",4.0,1,0
107,Hotel Ozz By HappyCulture,541955007,I recommended,Nov 2017,,Mehdi A,/Profile/11mehdia, November 2017,50,"This is a well organized establishment. Clean and comfortable. The staffs are helpful and try their best. The location and atmosphere is good. The breakfast is very good.Rooms include 2 bunk beds, each bunk has 3 beds. About 5 minutes to  train station",5.0,1,0
108,Hotel Ozz By HappyCulture,540644722,We wish it was more social!!,Nov 2017,,Skye R,/Profile/731skyer, November 2017,40,"Definitely a nice hostel, the staff was incredibly welcoming and they were really great giving recommendations of things to do, however, the environment wasn't as social as we were hoping!! The weekend had a few people hanging out down in the lobby, but overall it was just a lot of people there individually - we wished there were games or something to get everyone to be more social!!",4.0,1,0
109,Hotel Ozz By HappyCulture,540183853,"Excellent service, value for money and cosy!!",Nov 2017,"Singapore, Singapore",ninjaturtile,/Profile/ninjaturtile, July 2017,50,"For anyone looking for a place to stay in Nice, this is the place :-)Not only is it comfortable and home-y, the common area is great for hanging around or relaxing, and the staff at the reception are extremely welcoming.Location -just 4 minutes by foot from the train station, and anoth 15 minutes from the beach.The partnership with the other hotels were unique as well, and going around to visit the others was quite a fun experience too.Room for 4 comes with a shared toilet in the room, which is brilliant. personal space is quite a good fit too.Lots of food options around, both local and international!Would just like to commend on the excellent service by the staff once again because it was a really memorable experience and they were extremely helpful :-)",5.0,150,68
110,Hotel Ozz By HappyCulture,538682575,Enjoyed the stay,Nov 2017,,al y,/Profile/560aly, November 2017,50,"Hôtel Ozz is really great especially for young people. The rooms are clean, and the staff is very welcoming and friendly. If you have questions about anykind of daytrips, they help you with everything without being annoyed. Not far from the train station and all the must see things in Nice. Thanks for everything.",5.0,3,1
111,Hotel Ozz By HappyCulture,537950024,Best hostel in Nice!,Nov 2017,,Andriy S,/Profile/610andriys, November 2017,50,"Helpfull multilingual stuff. Closer to all conections, railway station. Very clean rooms. Strong wi-fi. Free hot drinks. Ping-pong table and other games. Great to make friends from whole world. Come here one more time.",5.0,3,0
112,Hotel Ozz By HappyCulture,537725909,Nothing wrong ,Nov 2017,"Salt Lake City, Utah",Kolton G,/Profile/koltonius98, October 2017,40,"Was a nice place all around, no complaints except a staff was a little short with me. If I remember right I think the showers were inconsistent with the hot water... Rooms and beds were nice, if a little cramped",4.0,8,0
113,Hotel Ozz By HappyCulture,537436307,Great cheap Sharing hotel/hostel,Oct 2017,"Jarrow, United Kingdom",Andrew Gregg,/Profile/Andygregg13, October 2017,50,"The Hotel Ozz by HappyCulture is a very nice cheap budget Sharing Hostel which i loved. It's just 2 minutes walk from Nice main railway station which was perfect for my day trip to Monaco and other towns along the coast. I booked a bed in a 4 bedded mixed dorm, 2 bunk beds each side and all beds come with there own light, power socket and  curtains that you can pull shut for total privacy at night. Each room also come with a locker one for each person with padlock available to buy at the reception for a few Euros if you don't have your own. The Hotel Ozz does not do meals but they do a breakfast on the morning and offer unlimited free Coffee,Tea and Hot Chocolate throughout your stay which is out off a vending machine. All in all a really good Hotel/Hostel and i look forward to returning in the near future :)",5.0,33,8
114,Hotel Ozz By HappyCulture,536595756,Amazing Hostel!! Absolutely Recommended!,Oct 2017,"Milan, Italy",ElkGiu,/Profile/ElkGiu, October 2017,50,"Very nice hostel, with friendly staff, nice and clean rooms (curtains for each bed and private toilet in the room), good position (5 minutes walking from the station and 15 from the city centre) and free coffee in the common hall.Hard to find free car parking in the area!",5.0,25,24
115,Hotel Ozz By HappyCulture,536588506,Great stay,Oct 2017,"Prague, Czech Republic",KamilKubes,/Profile/KamilKubes, October 2017,50,"Clean, comfortable, close to the beach and shops, good breakfast, superb staff, showers are on the room, you can rent a towel, ironing board, table games, great WiFi, lockers on the room(bring your own lock)",5.0,7,4
116,Hotel Ozz By HappyCulture,536535287,Flashpacker hostel!,Oct 2017,"Vancouver, Canada",Sally L,/Profile/sallyl233, October 2017,50,"Highly recommend Hotel Ozz! From my first contact, they were quick to respond and follow up with booking changes. Exceptionally friendly and helpful staff. Excellent location by the train station and tram line yet only a 15 minute walk to the promenade and old town. Clean and well maintained facilities. Good wifi connection. Appreciated the 24/7 coffee, tea and hot chocolate available. Be sure to ask about reciprocal happy hours, coffee, and phone chargers available at the other HappyCulture properties when you show your room key. A fantastic bonus!",5.0,33,14
117,Hotel Ozz By HappyCulture,534623158,Clean and cozy ,Oct 2017,"Dubai, United Arab Emirates",Jessywen,/Profile/Jessywen, October 2017,40,"I stayed there for three nights in a four bed female dormitory.. it attaches with toilet and shower room . Very clean and quiet. However no toiletries provided.downstairs the hostel equips with microwave and coffee machine. However if they can provide fridge to store our food , it would be nice. It is worthy of the money !",4.0,50,26
118,Hotel Ozz By HappyCulture,534541993,Great stay,Oct 2017,"Greystones, Ireland",Conor W,/Profile/conorw2015, October 2017,50,"There was nothing to dislike about our 2 night stay here in Nice. We had a private double room which was clean, comfortable and spacious. Our bathroom was enormous as we had a room with wheelchair access. The breakfast was a good start to the day and quite reasonably priced. Location was good and only a short walk to the beach area. Wished we had stayed here longer.",5.0,54,34
119,Hotel Ozz By HappyCulture,534017641,Spectacular stay!,Oct 2017,"Barcelona, Spain",Maria Pia A,/Profile/mariapiaa2015, October 2017,50,"I had the best time in Nice! The hostel was wonderful! Clean, nice atmosphere, good people, well located. The whole staff was kind and helpful; they spoke most languages, so I never had a problem. I hope I get to come back soon! Cheers",5.0,1,0
120,Hotel Ozz By HappyCulture,533817500,Great stay,Oct 2017,"Reading, England, United Kingdom",V_S_Reading,/Profile/V_S_Reading, October 2017,50,"Stayed 2 nights in October. Hotel is located close to the station;the area is a bit rough so does not feel very safe at night, but its ok if walking in a group. Rooms are clean and there was no noise at night. The rooms are a bit small; i shared  a 4 bunk room with only 1  other person and it was already a bit cramped. The reception/common area is very nice,lots of sitting space,there's even a bar and music playing. The hotel offers just enough of a ""hostel"" vibe but with hotel standards, so its the best of both worlds in my opinion. The staff were absolutely great. Very friendly and super helpful. They can help you with day trips and sight seeing tips. If fancy you a night out ,they can organise that with other residents too. The breakfast offered is so basic so I would not recommend unless you were feeling to lazy to just step outside because there are plenty of food options in the area. Given the good price, location and general well maintained facilities,I would definitely stay again. Just bring your own towel and a lock to save yourself a few euros.",5.0,13,19
121,Hotel Ozz By HappyCulture,532644772,Surpassed our expectations!,Oct 2017,"Galashiels, United Kingdom",Victoria l,/Profile/vickilogan55, October 2017,50,"Fabulous, friendly and comfortable place to stay for anyone. Location is ideal for the station and centre of town and a pleasant  20 min stroll to the Promenade. the staff are delightful and give a great reception not just on arrival but every time you come and go through the main entrance. Nothing is too much trouble for them and we found them very helpful for planning our outings.Breakfast is, as stated, continental and adequate and if you want you can buy food at a shop nearby and eat it in the common area. Coffee, tea, water is on tap all day long which is a bonus. Would certainly recommend staying at Ozz and will stay there again when I return to Nice.",5.0,7,2
122,Hotel Ozz By HappyCulture,532410105,Great stay in the private rooms,Oct 2017,"Silkeborg, Denmark",Sebbelin,/Profile/Sebbelin, September 2017,40,"Great place to stay if you are travelling on a budget, we had 2 rooms for 5 people and were really satisfied. The atmosphere was great and the rooms were nice and clean. I wouldn't want to sleep in the 3rd level bunkbed, kinda hard to get in and out off and nasty fall if you drop out. Except from that all was great, nice value 👍",4.0,71,20
123,Hotel Ozz By HappyCulture,531405314,What a find!,Oct 2017,"Saltcoats, United Kingdom",William D,/Profile/WilliamD516, October 2017,50,"Great place to stay...outstandingly helpful and knowledgeable staff. Superb atmosphere...good for couples, families, solo travellers and everything in between. Close to train station and tram. Bus station walkable. Thoroughly recommended.",5.0,22,24
124,Hotel Ozz By HappyCulture,528210457,Awesome stay!,Sep 2017,"London, United Kingdom",JessSmileSun,/Profile/JessSmileSun, September 2017,50,"Everything was right about this hostel. The location is wonderful, near train station and close to the centre and 15min walk from the beach. Facilities are great - free wifi in all rooms, showers in the room, hair dryer, free coffee and tea in the common room with awesome music, it's clean, tidy and modern hostel, it's very affordable, friendly and helpful staff members.Book in advance as they tend to be fully booked even off season. Highly recommended",5.0,46,17
125,Hotel Ozz By HappyCulture,520573152,Love this place ,Sep 2017,,Cata M,/Profile/CataM_13, August 2017,50,"I loved this hostel! It is really near from the train station so you can easily walk to arrive And leave nice. You also can walk yo the most important atractions and to the beach (no more than 15 minutes walk)The wifi works all through the hostel with high quality. What i liked the most is that every bed has Its own plug and light, and also a private courtain that makes the shared room not so unprivate. The bathroom is inside the room and is very clean. Breakfast is included (croissant, bread, coffe, juice, nutella, butter and jam). Everything looks very new and clean. I loved the bed!",5.0,29,3
126,Hotel Ozz By HappyCulture,514888445,Great hostel to base yourself in for travellers on a budget,Aug 2017,"London, United Kingdom",martyn_dudley,/Profile/martyn_dudley, August 2017,40,"I was in Nice for a few days holiday by self and wanted somewhere cheap to stay that was in a convenient location and the Ozz did not disappoint - clean and modern throughout for the price paid and the fact that a small continental breakfast is included in the price and this place is a great value place to stay. Staff are very friendly and helpful, location is great just off the main shopping street close to the station means it is just a short walk down to the seafront / old town or the station is just round the corner which is great for day trips or the bus back to the airportRooms are typically small hostel dorms with bunk beds and lockers you can padlock your stuff into securely. Bathrooms are clean and have a decent shower in them",4.0,67,38
127,Hotel Ozz By HappyCulture,513034042,Good hostel. ,Aug 2017,,Oliver Z,/Profile/212oliverz, August 2017,40,"Our stay at ozz was ok, location first of all is brilliant, just a 2 minute walk from the station. Check in was quick and efficient. We were going to hire towels until we heard the price of hiring which was way too dear compared to other hostels, we used our beach towels instead. The 4 bed private we stayed in was very small, barely enough space for people to walk next to each other, although storage for personal belongings was fine and the beds were pretty comfy too. Our en suite was nice and clean but no hooks! Maybe I'm being petty but it's nice to be able to hang your outfit/towel etc. On the door while taking a shower, instead, the loo seat acted as a side to put my clean clothes and towel, not ideal. The room had air conditioning which was a very well received. Breakfast, never tried it as it seemed quite pricey, there's a great boulangerie around the corner where you can pick up a great breakfast for less. All in all, a good hostel but you pay for its location... pack a towel and buy a croissant instead!",4.0,31,16
128,Hotel Ozz By HappyCulture,510941868,great staff,Aug 2017,,Mustafa M,/Profile/MustafaM1114, August 2017,50,"The staff were really great doing their jobs. open minded and helpful people. The atmosphere was relaxed in the lobby where people could meet and have free coffee.I'm a hard person to please, but I was very impressed of the whole stay and experience. Rooms are a little too tight, but nonetheless it was livable and functional. overall I didnt feel that things were cheaply done, there has been put effort into this place which makes me wanna  come back again! Bientot",5.0,1,0
129,Hotel Ozz By HappyCulture,508078243,"Expensive, but super nice hostel",Aug 2017,"Odessa, Ukraine",974gannab,/Profile/974gannab, July 2017,50,"Not very big but clean room, the only cons was mold on the shower curtains, it should be glass door in shower, or please change curtains regularly. Very kind and friendly atmosphere, good wi-fe and free tea\coffee. Close to the city center, and train station",5.0,9,0
130,Hotel Ozz By HappyCulture,506250860,It is happy culture!,Jul 2017,,marce s,/Profile/679marces, July 2017,40,"It has everything, a very kind staff, good wifi, a lift! The rooms are tiny but well kept and the bathrooms was nice. Further than that, it is very well connected, just across the street there is the train station and also you can easily reach downtown walking.",4.0,11,3
131,Hotel Ozz By HappyCulture,505508108,Had a great stay at Ozz!,Jul 2017,"Mumbai, India",AartiB92,/Profile/AartiB92, July 2017,40,"Neat and clean rooms with timely room cleaning service. 24x7 wifi. Easy accessibility to the city and everything around. Wonderful hosts who helped us with directions, maps, things to see and just went out of their ways to make sure we got all travel information.Great hostel, great hospitality. Had a lovely stay!",4.0,4,2
132,Hotel Ozz By HappyCulture,501374741,Love this hostel!,Jul 2017,Singapore,noobtraveller333,/Profile/noobtraveller333, July 2017,40,"One of the best hostels I have stayed at. Clean and spacious rooms. Service was great as well. Smiling faces and prompt replies. When my roommate accidentally left her locker key inside her locker, the staff helped to cut/pry(I don't know which) open her lock and offered her another lock. While everything functioned well, one star was docked because some of the things were falling apart i.e. the tap and the flush button.",4.0,17,2
133,Hotel Ozz By HappyCulture,496382266,Very nice athmosphere,Jun 2017,"Helsinki, Finland",Elmiina,/Profile/Elmiina, May 2017,40,"I stayed in a 6-bed dorm for few nights. The mattress was super good to sleep and the room was really tidy. Lockers were good size and there were enough space for all people (I was told that actually 6bed dorms are more spacious compared to other dorms). Only little minus - there is not enough space to sit on your bed, managed to hit my head quite many times when getting up. But for sleeping the bed is perfect because of the comfy mattress and curtains which give some privacy. Ac worked perfectly too.The location was good - really just couple minutes from the railway station and airport buss. 10-15 minutes to beach. And staff was super helpful. Overall: my stay here was really nice :)",4.0,107,55
134,Hotel Ozz By HappyCulture,492095248,Post college EU trip,Jun 2017,,fiona,/Profile/laurelq2015, June 2017,40,"Probably the nicest hostel I have stayed in yet. The bunks are so comfortable and have privacy shades, as well as a down blanket. The rooms all have lockers or the front desk can hold luggage after check out. The bar is nice (only annoying thing is you have to pay with their Ozz coins which you have to buy). The staff names you feel like a friend, they even came on the pub crawl with us. Clean, social, great location. Definitely recommend.",4.0,13,3
135,Hotel Ozz By HappyCulture,488967284,Thank you for the hospitality ,May 2017,,Adam L,/Profile/Curiosity710982, May 2017,50,"Great place to stay near the train station, clean and tidy lovely helpful staff. Breakfast was available bargain price 5€ served at 7am, lots of little cafes bars nearby.Thanks would recommend to stay here",5.0,6,1
136,Hotel Ozz By HappyCulture,488340205,"Nice hotel, conveniently located",May 2017,"Singapore, Singapore",Scott,/Profile/Scottodo, May 2017,40,"Nice newly refurbished hotel, very friendly staff and it is in a central location. The rooms are quite small but ok for a couple, but they are very clean with nice decor. Perfect for a place to sleep & shower",4.0,36,21
137,Hotel Ozz By HappyCulture,486701848,"Very nice hostel, great staff!",May 2017,"Sydney, Australia",chipzz101,/Profile/chipzz101, April 2017,50,"Stayed here for 2 nights with girlfriend in April 2017. Staff were very friendly and helpful (particularly Vassia!), spoke good English and French. Very good location near to the main train station, 1.5 min walk to main street and another 5 mins to the beach. We stayed in a private double room which was very nice for the price, all furnishings were new and the shower pressure was good. We arrived very soon after the hotel opened and were able to attend the opening launch party. It was pretty interesting, very 'French', including live DJ. Lots of (I assume) locals were there and it was a nice change from typical hostel booze-fests full of Americans. Breakfast was included with our room - it was okay, but I think you can find a much better breakfast at one of the million cafes in and around Nice.",5.0,2,0
138,Hotel Ozz By HappyCulture,482482939,Small!,May 2017,"St. John's, Canada",ypower65,/Profile/ypower65, April 2017,20,"Stayed 2  nights April 2017. Room was beyond tiny, no room to move about. Breakfast was ok. Seemed fairly centrally located. Room was clean, beds aren't made. I felt totally claustrophobic, i was expecting small but nit that small. Wouldn't stay again.",2.0,9,3
139,Hotel Ozz By HappyCulture,481418279,Very nice place,May 2017,"Mainz-Kostheim, Germany",kamranyusifli,/Profile/kamranyusifli, April 2017,50,"First of all, the location of the hotel was very good. Rooms were clean and silence. The hotel is close to everywhere - city center, restaurant, several big markets, main shopping street, and sea. Even you can go main parts of the Nice by foot.  Personnel was very kind and friendly. They try to help you as much as possible. There are a lot of traveler and tourist from a different part of the world. The atmosphere was very good, warm and friendly.",5.0,1,0
140,Hotel Ozz By HappyCulture,480578868,A true sample of excellent hospitality! :) ,May 2017,"Caracas, Venezuela",valerialara,/Profile/valerialara, May 2017,50,"Excellent hostel of this class kept extremely clean. Upon arrival we were warmly welcomed by the front desk team. As for the hotel itself, I felt a good holidays vibes , with an amazing hostel atmosphere , plus you could easily see everything was brand new ,  our experience was nothing less than exceptional. Shopping mall , restaurants, pharmacies  and supermarket is within short walking distance (just a few minutes). Would definetely recommend to everybody! It's a true sample of excellent hospitality. Thank you again to all the hotel team , for going just that little step extra for their guests!!!",5.0,8,2
141,Hotel Ozz By HappyCulture,478914799,Amazing !!!,Apr 2017,London,Vanessa K,/Profile/844vanessak, April 2017,50,"Absolutely hands down an amazing place to stay. The room are spacious, big lock up cabinet for bags plus curtains on each bed for privacy. All staff were incredibly friendly & helpful with suggestions whilst visiting.They offer free luggage storage when arriving early or departing late. Thomas, thank you for your suggestion to travel to Carcassonne 😉",5.0,31,6
142,Hotel Ozz By HappyCulture,476344232,The place ticks all the boxes,Apr 2017,"Versailles, France",Mridul Jain,/Profile/jainmridul007, April 2017,40,"Stayed here for 3 nights. It is a very conveniently located since it is right next to the main train station as well as to the tram station ""Gare Thiers"" which connects you to the main streets and squares in the city. The staff was courteous and very helpful. They have free hot drinks 24*7 which is nice. The hostel has a chilled out atmosphere with a comfy lobby area to meet fellow backpackers.The dorms were good as well with more than enough space in the lockers to keep all your stuff. Most importantly, each bed has curtains which I found really helpful in order to have privacy and to have a good night's rest.The only thing that I found to be lacking was that they do not provide hand wash and shower gels in the toilet cum bathrooms which is common at all hostels nowadays.Other than that, it is surely an excellent place to stay in Nice.",4.0,21,29
143,Hotel Ozz By HappyCulture,474460445,"Nice Place, nice guys",Apr 2017,,Nawel B,/Profile/NawelB34, April 2017,50,"At 5min walking from the station, it's a new place with friendly hosts.cheap and clean. Breakfast for 5€, towels to rent for 5€.Dormitory and simple room.they play music all the day, that gives a relax atmosphere",5.0,13,2
144,Hotel Ozz By HappyCulture,474445898,Fantastic place ,Apr 2017,"Cannes, France",domtomnet,/Profile/domtomnet, April 2017,50,"A new modern design hotel located in the city center very close to the main train station. First, reception staff welcome you in a great manner and is very efficient. The common area is provided with many seats, tables and a very large screen. A 24 hours access to free tea and coffee facilities, computer, phone charger and an outdoor smoking section. Very clean, new and beautifully designed. Access to the rooms is available with a lift and rooms are in such a great condition with lovely bathroom, balcony and lockers.Rooms for 5 or 6 sharing are available for a budget accommodation with private light and own curtains for maximum privacy. Private rooms are also available. Breakfast is extra (€5/pers.) Very clean throughout (the common area is even cleaned at night ! Seen with my very own eyes ...) and the best experience for this category in the city center. The plus : free earplugs provided for an optimized sleeping, mobile chargers, 24 hours tea and coffee and outdoor smoking space.Keep up the good work and see you soon !",5.0,57,26
145,Hotel Ozz By HappyCulture,472217306,5 night stay,Apr 2017,"London, United Kingdom",angel0012017,/Profile/angel0012017, March 2017,50,Fantastic place to stay. Very close to the centre of nice. Staff are amazing and very friendly and helpful. Rooms are spotless and cleaned everyday. Hot drinks are FREE all day long. Breakfast was also great and only 5 Euro.  5min walk to train station.  I would highly recommend this Hotel. Very reasonably priced. Thank you for a great stay and thank you to the fantastic staff. I would stay there again.,5.0,3,0
146,Hotel Ozz By HappyCulture,468954681,Great,Mar 2017,,Claudia T,/Profile/708claudiat, March 2017,50,"Went there with a friend. We had a six person room for women. Service was great, we asked for things to do and we got some good suggestions. Hostel was clean, breakfast was good. Location also great. We would recommend it to everyone",5.0,11,3
147,Hotel Ozz By HappyCulture,465970819,Excellent Backpacker hotel!!! Great Value for money. ,Mar 2017,"Woking, United Kingdom",Warrenadine5725,/Profile/Warrenadine5725, March 2017,50,"Great value for money, very clean and accessible. We love the fact were surrounded with shops/ groceries/ restaurants. Very near to bus stop going to and from Nice airport. We love that we can take away food for late night eating and they have a microwave facility and free hot drinks 24/7. They also have luggage room where you can leave your things after checking out. Dining / waiting area is colourful and chic. Friendly English-speaking staff is a plus. Will definitely be back!",5.0,33,2
148,Hotel Ozz By HappyCulture,465588089,Nice short stay,Mar 2017,,gabrielemak,/Profile/gabrielemak, January 2017,50,"I stayed there one night in January. Firstly - perfect location, just a few steps from a train station. Secondly, nearby is a lot of shops, restaurants and other things to do. Thirdly, great rooms with clean well-equipped bathroom. Fourthly, a nice kitchen with a free hot drinks machine. Breakfast croissant was the best in my life. What I didn't like - that there were not 2, but 3 beds, so there wasn't enough place to sit up when I was in my bed. Nevertheless, terrific and just for 18 eur/ night (+5 euros breakfast)",5.0,65,16
149,Hotel Ozz By HappyCulture,463137234,Fantastic service and international environment,Feb 2017,"Vejen, Denmark",gertvk2017,/Profile/gertvk2017, February 2017,50,"A place with freedom and good service. My family and I had accidentally booked a room and even though the place caters mostly to young or single travelers who want to meet others on the trip, we got a service that was beyond normal. We can certainly recommend this place to anyone who wants a nice and clean place with freedom and the opportunity to meet other people from around the world.",5.0,1,0
