,hotel_name,id_review,title,date,location,user_name,user_link,date_of_stay,rating,review,rating_review,n_review_user,n_votes_review
0,"Hotel De France, un hotel AMMI",858233734,Perfect Location; Excellent Service,Sep 3,"Melbourne, United Kingdom",Alistair R,/Profile/AJ1305, September 2022,50,"Fantastic hotel just one street back from Prom Des Anglais & less than ten minutes from tram stop line 2 directly from Nice Airport. All of the staff were polite, friendly and helpful. We booked three rooms all of which were spotless, comfortable and good sizes. We were provided with personal WiFi dongles which is a great touch, as were the beach towels, mattresses and towels.We were also given complimentary drinks as a thank you.So, all in all this was a great location for our family stay, and we hope to return again in the future",5.0,161,86
1,"Hotel De France, un hotel AMMI",858034863,Super,Sep 2,,Іра Б,/Profile/Destination800274, August 2022,50,"Excellent hôtel. One of the best  where I have been. Nice, clean and cosy.  friendly and always ready to help stuff. Really good housekeeping service. Nice breakfast.Highly recommend! Will be back for sure.",5.0,2,0
2,"Hotel De France, un hotel AMMI",858020901,Ehsan family holiday / South of France,Sep 2,"Birmingham, United Kingdom",ahmar71,/Profile/ahmar71, August 2022,40,"Beautiful region and hotel is perfectly located for a stay in Nice. Literally behind Hotel Negresco and 5mins to Promenade de Anglais and lots of cafes and restaurants, would recommend staying here. Only thing I would say is room was a bit tight for a family of 3 but very manageable. Oh and it had a lovely quaint terrace, quintessentially Mediterranean ❤️Staff are very friendly and fluent in English and many other languages. We hired a car for the week and although hotel doesn’t have its own car park they have a great offer with a car park literally 100 yards in front of the hotel. Enter and exit as Mandy times as you like for €21 for every 24hr period. Suited us perfect. Thanks to the staff, especially Maria on our first couple days. Will certainly be returning to stay here again",4.0,40,12
3,"Hotel De France, un hotel AMMI",857594562,Ulv,Aug 2022,,Ulf G,/Profile/562ulfg, August 2022,50,"Good locayof the hotel , everything you need is nearly, a huge choices of  drinks and food.Really good living conditions, service at the highest level ,also very good and friendly employees especially at the hotel reception.",5.0,1,0
4,"Hotel De France, un hotel AMMI",857436320,Horrible,Aug 2022,Florida,maria B,/Profile/656mariaB, August 2022,10,Mold in the bathroom. Expensive hotel. Horrible rooms. Very dirty. Dark Hallways. Worst experience ever. Rooms were nor ready even after 4pm. We were traveling with a baby and they did not care. Staff very unprofessional. Only one lady cleaning the entire hotel.,1.0,27,10
5,"Hotel De France, un hotel AMMI",856082271,A centrally locoted hotel in the small village of Mende,Aug 2022,"Angers, France",Ton H,/Profile/tonh91, July 2022,50,"Our room (at 125 euros) was huge!    We booked it directly with the hotel by calling ahead, after reading a review in the Green Michelin Guide.Breakfast was also very good and the staff also very friendly;We can recommend this hotel very highly, a charming hotel with nice rooms (we peaked in several unoccupied ones ...) and the floors had some flaws but when we walked on them, you could hear it  - but this we like of course!",5.0,86,11
6,"Hotel De France, un hotel AMMI",855010249,Money worth spent,Aug 2022,,TrailBlazer45488,/Profile/TrailBlazer45488, August 2022,50,"We stayed 4 nights as 2 adults and 2 kids at Studio Exécutif and we really enjoyed our stay. Location is very good, very close to the beach. Breakfast was ok. Staff was very kind and helpful. One advice: since there was no balcony, it would be good to put some hangers to let dry our wet towels, swimwears, as there is no place to hang them.Overall it was very good experience.",5.0,2,0
7,"Hotel De France, un hotel AMMI",851384816,Lovely stay!,Aug 2022,"Melbourne, Australia",Suzemelb,/Profile/Suzemelb, July 2022,40,"Lovely charming hotel with wonderful staff. For the price this hotel has a lot of wonderful aspects. The staff are the biggest positive- always smiling, friendly, welcoming and helpful. The breakfast had all of the options we needed even though fairly limited, plenty of everything and the pastries were great. Room is small but very comfortable and clean. Location was perfect! Close to beach and all shops/restaurants- not too far from train station either. Only small issue was the very tiny bathroom - the sink barely big enough to wash hands in! It would also be helpful to have a cupboard/shelf to store some toiletries as there was no room for anything! Apart from that minor thing we loved our stay! Thankyou!",4.0,32,36
8,"Hotel De France, un hotel AMMI",851183039,The staff made my stay in Nice so lovely.,Jul 2022,,FrequentFlier308536,/Profile/FrequentFlier308536, July 2022,50,"First time in Nice, and I loved it, the hotel was one of the facts that made my stay in Nice so lovely, the location of the hotel is prefect, the hotel gave a gift from the beginning, they helped me on my bicycle storage, they gave me a wi-fi router for me to use in the area, when I went to the beach they gave me every thing I need (umbrellas, towels, mat), the staff made sure that I don't need anything, one fact the ice machine was not working, so they bought ice for me so I can put it in my water bottle when I go ride.",5.0,1,0
9,"Hotel De France, un hotel AMMI",851017997,Trip to Nice,Jul 2022,"Brentwood, Tennessee",mac,/Profile/Excursion27859518457, July 2022,50,"Hotel very clean and great location just off the sea. No view of the sea. Easy walk to all good eating and shopping as well as the sea. Room was small but came as advertised. All amenities very nice. Would definitely rec this hotel ,though a bit overpriced. The breakfast was quite good. If flying out of Nice airport get there 3 hours before flight. Hotel is 15 minutes from airport. Airport was crazy. 2 people checking passengers for BA. Ba made decision to delay departure for 1 hour to get everyone boarded which cost some their connections at next airport.",5.0,2,0
10,"Hotel De France, un hotel AMMI",850862126,Amazing days in this lovely hotel! The team is adorable and super friendly.,Jul 2022,,Inês Perez,/Profile/mariainesperez, July 2022,50,"I loved everything in this super cute hotel. Very well located, super close to the promenade and 15 minute walk from Vieux Nice. Loved the cozy atmosphere.Baptiste and his team were very friendly and gave us super useful information!Definitely I recommend it and for sure I hope to return in the future.",5.0,2,0
11,"Hotel De France, un hotel AMMI",850330927,Go for it!,Jul 2022,"Copenhagen, Denmark",merete20222022,/Profile/merete20222022, July 2022,50,It is a very nice hotel with excellent service and a good breakfast. Close to the beach and the city center/old town. If you are looking for a nice place to stay in Nice then take Hotel De France!!!!!,5.0,1,0
12,"Hotel De France, un hotel AMMI",849492760,A lovely hotel,Jul 2022,,Frida B,/Profile/fridamb, July 2022,50,"I had a really nice stay at Hotel de France. The hotel was adorable, the room was very cute and the staff was kind and service minded. The location was also great. I would love to come back the next time I am in Nice.",5.0,2,0
13,"Hotel De France, un hotel AMMI",849075188,Great small hotel,Jul 2022,"Belfast, United Kingdom",Mark G,/Profile/H4547NYmarkg, July 2022,40,The hotel is close the promenade and very central. My room was small but It had everything I needed and looked recently refurbished. The air con was blessedly quiet. The staff were friendly and very helpful. The only negative was the Wi-Fi which was a bit intermittent.,4.0,4,1
14,"Hotel De France, un hotel AMMI",847850071,"Small, friendly independent hotel",Jul 2022,"Manchester, United Kingdom",Chris P,/Profile/Bluemoon52, July 2022,50,"We knew from the enthusiastic and genuine welcome we received from Laura and Fabrizio that this was a well-run and happy place to stay. Situated on a relatively quiet  street behind the Negresco, it's only a few minutes to the Promenade and very close to loads of bars, shops and restaurants. Small room, as is normal in France, but clean and well-appointed. Would happily stay again.",5.0,253,175
15,"Hotel De France, un hotel AMMI",846718371,The amazing weekend in Hotel De France,Jul 2022,"Moscow, Russia",Anasteisha,/Profile/Anasteishashi, July 2022,50,"This is a small, but cosy hotel in Nice with an amazing location - just 5 minutes from the sea and multiple beaches alongside sea promenade. Moreover, it is quite in the city centre with all the restaurants and shops and not far away from the train station - 10-12 min walking (this is convenient for those planning to explore the other cities on the French Riviera. The staff is very friendly and helpful. The hotel provides guests with a sun umbrella and mattresses for the beach for free - this is very helpful.",5.0,2,0
16,"Hotel De France, un hotel AMMI",846019346,Cramped room and the hotel smelled musty,Jul 2022,,Maria H,/Profile/mariaphickey, June 2022,20,"We stayed here for one night at the end of our holiday. The staff were friendly and helpful, allowing us to drop off our bags before check in and leave them after check out. But the room was too small, we were tripping over our cases and there was only about an inch between the beds. The shower was fine but the sink was so small that I was almost hitting my face off the mirror when brushing my teeth. The corridors are musty and the breakfast was very basic. I ‘won’ a free upgrade on arrival but there were no more rooms available and the receptionist did not offer any alternative. I wouldn’t recommend staying here.",2.0,6,0
17,"Hotel De France, un hotel AMMI",845986905,Excellent location and accommodating staff,Jul 2022,"Toronto, Canada",EvaV V,/Profile/evavv2016, June 2022,40,"We booked Hotel France for four nights and though it was comfortable, our room was a little bit smaller than we had expected and faced a dark alleyway. The staff was very accommodating and transferred us to a larger room for the second half of our stay. They also helped us make restaurant and beach reservations. The amenities were great including umbrellas for when it rained and a nice rooftop patio. The hotel is just meters from the beach, the promenade and easy walking distance to all the top sights and shopping areas. Great value for the money.",4.0,9,1
18,"Hotel De France, un hotel AMMI",845282494,Great hotel,Jun 2022,,Twain627,/Profile/Twain627, June 2022,50,"Great hotel, excellent location to many restaurants, market, and beach. Had even better front desk service-they helped to recommend the beach and walking locations. Helped with finding the train station. Overall just great!",5.0,13,13
19,"Hotel De France, un hotel AMMI",844066967,"Decent location, still a little dated",Jun 2022,"Roseville, Minnesota",debby w,/Profile/53debbyw, June 2022,40,"Good location to Promanade des Anglais.  About 1 mile walk to Old Nice where more of the shops, markets, restaurants are.  Remodeled rooms still a little dated but pretty clean.  Nice staff.  AC worked well.  WiFi a bit spotty but gave you a device to take with you in town which was nice.",4.0,48,3
20,"Hotel De France, un hotel AMMI",843392546,Great location ,Jun 2022,"Los Angeles, California",pacpalisadian,/Profile/pacpalisadian, June 2022,50,"Hotel is located just a couple of minutes from the Promenade des Anglais. It is also not far from the train station and old town.  The staff was extremely helpful and provided excellent service during our stay. Price was reasonable, room was  super clean and quiet.",5.0,27,54
21,"Hotel De France, un hotel AMMI",842848590,the Carré d'Or of Nice,Jun 2022,"Bucharest, Romania",Emma,/Profile/Voireveni, May 2022,30,"This hotel has a good location, close to everything and while being quiet, I liked the interesting discussion with the manager,I usually sleep in 4 star hotels but I was delighted with this 3 star hotel,small room but well decorated,good value",3.0,45,58
22,"Hotel De France, un hotel AMMI",842697533,City break with friends,Jun 2022,"Norwich, United Kingdom",Helen,/Profile/hollyhelen, May 2022,40,"This was our first visit to Nice and didn't disappoint. The hotel is in a great location, is clean and comfortable.  The only disappointment was the food smell from an extraction system outside our room",4.0,18,0
23,"Hotel De France, un hotel AMMI",842641501,Nice find,Jun 2022,"Bridgend County, United Kingdom",trowhow,/Profile/trowhow, June 2022,50,"Nice little hotel, location good, easily accessible from airport via tram for €1.50.  2 streets from promenade, and old town a couple of minutes walk with a superb Lebanese restaurant en route.Hotel was clean and the staff extremely helpful.",5.0,1,0
24,"Hotel De France, un hotel AMMI",842368647,Wonderful Visit to Nice via Hotel De France,Jun 2022,"Randolph, New Jersey",grayk555,/Profile/grayk555, June 2022,50,"Impeccable service and excellent accommodations. Very close to the beach, shopping, excellent food and many other attractions.   I hope to be back to this wonderful hotel and beautiful part of the country.",5.0,1,0
25,"Hotel De France, un hotel AMMI",842235939,Overall a fantastic stay,Jun 2022,"Castle Rock, Colorado",JenDudley,/Profile/JenDudley, June 2022,50,"Very happy with our 2 night stay in June of 2022.  We stayed in the studio suite with 2 adults and 3 children.  Our kids were 17, 5 and 2.  They provided a crib for the toddler.  The room was large and had a refrigerator, stove, kitchen sink and plates and silverware.  The pull out couch was comfortable and linens were nice and crisp.  The air conditioning was a delight after strolling through Nice all day! Excellent pillows. too.  There are outlets and USB chargers on the nightstands too.   The TV had Youtube, Netflix and such.  Great to entertain the kids before bed after a long day at the beach. The staff were fantastic and extremely helpful.  There is a cute terrace which we had aperitif on one evening and an honesty bar to get wine, beer and snacks from 24/7.  Next to the hotel is a cafe, boulangerie, fromagerie and butcherie so very easy to get lunch and snacks. The hotel is 1 block from the Promenade des Angles and about a 10 minute walk to Vieux Nice.  They can also book you beach chairs, towels and umbrellas for the beach.  Would definitely stay here again!",5.0,48,13
26,"Hotel De France, un hotel AMMI",842105415,Very nice stay,Jun 2022,,cpetro760364,/Profile/cpetro760364, June 2022,50,"Very nice central hotel ! Good breakfast and they let us work there which was really nice !The bed is extra comfortable , excellent shower and nice bath products and terrace for a wine !Would highly recommend - only thing that could be better is that is a bit expensive !",5.0,1,0
27,"Hotel De France, un hotel AMMI",841444168,Fantastic stay,Jun 2022,,Mav2020,/Profile/Mavod, May 2022,50,"Stayed at Hotel de France for 7 nights across the Grand Prix weekend. This was the perfect place to stay, incredibly clean and great air conditioning. The staff were so hospitable and excellent at what they do! We received surprises across the week such as sweets and champagne which was so thoughtful. The hotel is close to the beach and many shops and cafes. I also availed of the laundry service which was great. The Wi-Fi dongle was also a brilliant addition and helped keep us safe and in communication with each other. If I am lucky enough to visit Nice again I will definitely choose to stay here! Thank you so much for a wonderful stay.",5.0,10,6
28,"Hotel De France, un hotel AMMI",841286981,Recommend highly,Jun 2022,Ireland,FarmerIreland,/Profile/FarmerIreland, May 2022,50,"Our original booking was a couple of years ago & had to be postponed on a no. of occasions because of Covid. Despite the difficulties, the hotel has to be thoroughly admired in how they dealt with the situation. Top marks. Check in was swift and professional.Thank you Kevin. Breakfast was more than adequate & we were looked after by the happy, cheerful & very helpful Laura from Colombia. Our room had a small balcony. The room itself was well laid out & very clean & had everything that you would want. All in all, a very top class experience. We will be back & we would unreservedly recommend to anyone. Very reasonably priced in addition and very centrally located.",5.0,11,5
29,"Hotel De France, un hotel AMMI",841110363,Amazing Experience!,Jun 2022,,Dallastexas92,/Profile/Dallastexas92, June 2022,50,"My wife and I stayed at the Hotel de France for 4 nights and would absolutely choose to stay there again! The location is perfect, the rooms were clean, the breakfast buffet is really great, and the honesty bar where you can grab a glass or bottle of wine at your leisure was really a nice gesture. Best of all, the STAFF! Baptiste and his team were welcoming, friendly, and accommodating. 5/5 stars - definitely stay here!!",5.0,1,0
30,"Hotel De France, un hotel AMMI",841011263,Perfect Stay,Jun 2022,,MaryC0001,/Profile/MaryC0001, May 2022,50,"My husband and I stayed here for our honeymoon. The room was clean, the staff were incredibly friendly and helpful, and the hotel was very cute. The amenities also exceeded our expectations - they offered one of the cheapest laundry service I've found of any European hotel, the breakfast is free if you decline room service (which we did), there is a lovely and peaceful patio upstairs where you can enjoy breakfast or an evening drink, and they even give you a wifi hotspot to take with you every day! That last one really put this place over the top for me. The location is also amazing because you're a 5-minute walk from the promenade and the closest tram station. If I ever return to Nice, I'm staying here.",5.0,2,0
31,"Hotel De France, un hotel AMMI",840981374,Deserves 5 stars all round,Jun 2022,"London, United Kingdom",chloeva21,/Profile/chloeva21, May 2022,50,This hotel deserves its 5 stars.So much information was giving by the front desk and anytime you asked for something they were super helpful.Bedroom was clean and tidy and they even put rose petals and chocolates on our bed free of charge as we were celebrating an engagement.,5.0,20,5
32,"Hotel De France, un hotel AMMI",840162081,Hidden gem behind Le Negresco,May 2022,,richZ1117TW,/Profile/richZ1117TW, May 2022,40,"Lovely hotel with adjacent parking and good breakfast. Next time I’ll request a room on the higher floors as there is local delivery traffic. Good bed. Good showers, nespresso maker and kettle. Great location.",4.0,1,0
33,"Hotel De France, un hotel AMMI",840158213,"Clean, tidy, well located and with helpful staff.",May 2022,"Reigate, England, United Kingdom",Russell S,/Profile/202russells, May 2022,50,Perfect location whilst staying in Nice…. Rooms very clean and tidy and staff really nice and helpful. Staff always offering to help with anything…. Including offering to order taxis for cheaper than you can otherwise obtain them. We stayed in the smallest of rooms …. Which was small but was all you needed and was very clean and tidy and seemed to have just been refurbished. Would stay again.,5.0,2,0
34,"Hotel De France, un hotel AMMI",839929790,Perfect!,May 2022,"El Dorado Hills, California",CAM,/Profile/travelfoodhiking, May 2022,50,"Loved the convenient location of the Hotel to the ocean and restaurants.  In Europe it isn’t always easy to find an American breakfast and this hotel offered a nice variety of food including eggs. The front staff spoke English and where exceptionally helpful and friendly.The rooms where very nice, I would stay here again!",5.0,26,4
35,"Hotel De France, un hotel AMMI",839462180,Simply superb,May 2022,"Killiecrankie, United Kingdom",tigermothred,/Profile/Sightseer55967810610, May 2022,50,"If I could give this hotel 10/10 I would! Superb setting, first class service, warm welcome, happy professional staff, traditional French style with some more modern rooms , immaculate throughout, nothing is any bother, pool and gardens a delight, we very much enjoyed late afternoon sitting out the front of the hotel enjoying either a local beer or a rose in the sunshine watching the world go by. Food is delicious local produce and clearly freshly made beautiful dining setting with windows open deserts our favourite and the cheese selection wow! Breakfast traditional French style with fresh bread croissants local preserves freshly made coffee and juices. We were so pleased this hotel has managed to survive the last two years and even though we have visited many times we still love coming here it’s just simply beautiful and you leave feeling rested and made to feel special.",5.0,4,2
36,"Hotel De France, un hotel AMMI",838371286,A great 3 star hotel!.....,May 2022,"London, United Kingdom",Paul Heybourne,/Profile/innovationpaul, May 2022,40,"Stayed here for 5 nights to explore Nice and surrounding areas.Reception team were brilliant, very welcoming and nothing too much trouble offered lots of advice about how to travel around.Great location, very close to beach and short pleasant walk to great restaurants and everything that Nice has to offer.Hotel arranged airport transfers which were high premium standard.Our room was a little small, but good amenities.We enjoyed our stay at Hotel De France and loved Nice!If you want an affordable, comfortable stay then I would highly recommend!",4.0,109,42
37,"Hotel De France, un hotel AMMI",838239411,"Location, condition and service : excellent & affordable",May 2022,"Seattle, Washington",johnsL2807YH,/Profile/johnsL2807YH, May 2022,50,"My partner and I flew to Nice last week with a very flexible itinerary, no reservations. We had read reviews on Hotel de France just the day before arriving in Nice. We took the local metro train from NCE Airport to the Alsace-Lorraine stop, walked a few blocks toward the Sea, found rue de France and the hotel in five minutes. There was a room available, so we made reservations for 2 nights with help from Batiste, ( gentleman at front desk . He stowed our bags, assured us the room would be available in two hours. It was 11:30am and our room was ready at 1:30pm after enjoying lunch and espresso at Le Grand Cafe de France just a few blocks from Hotel de France ( on rue France ). I could have stayed here all week and been content with the comfort of the room. The location is exceptional and we enjoyed walking 15kms or more each day we were in Nice. The staff here is friendly and helpful. I'll return.",5.0,5,1
38,"Hotel De France, un hotel AMMI",838095461,Nice terrace and friendly staff!,May 2022,,jennifer2612022,/Profile/jennifer2612022, May 2022,30,"The location was ok! Walking distance to the train station and the old town. The staff was very service minded and kind! They got me vegan milk for my morning coffee 👍🏻:-)!Unfortunately it was very noisy and we didn’t sleep much. A garbage truck and other loud vehicles woke us up three nights out of four. The breakfast wasn’t for us. No vegan alternatives, no vegetables and fresh fruits, no whole wheat bread, nuts, seeds or other healthy alternatives.",3.0,1,0
39,"Hotel De France, un hotel AMMI",837873861,"Nice hotel, great staff, close to beach",May 2022,"Sao Paulo, SP",apsturm2018,/Profile/apsturm2018, May 2022,50,"It is a small hotel but is has all you need. Good size of the room (from french hotel), very clean, breakfast with all fresh. And biggest surprise: the staff! Always ready to help and give suggestions. They care for your stay. Very close to restaurants and 0ne block from the beach. If you want you also may walk from train station. Less than 15 minutes. Recomend!",5.0,95,65
40,"Hotel De France, un hotel AMMI",837476100,Très agréable,May 2022,,ama Diva,/Profile/Lord_Barker, April 2022,50,Location excellente pour découvrir la ville de Nice. A lot of restaurants are only within a short walking distance from the hotel. You can either order breakfast in the hotel lobby or have it in a bistro right next to the hotel.,5.0,2,0
41,"Hotel De France, un hotel AMMI",837210559,Stay in Nice,May 2022,,Avi A,/Profile/498avia, May 2022,50,Beautiful hotel with very helpful staff. Helped make multiple reservations and called us when they had confirmations. Also coffee/espresso 24/7 in the lobby. Breakfast in morning was A+. Location 2 blocks from the water and right in town.,5.0,2,0
42,"Hotel De France, un hotel AMMI",836829456,Hotel in great location with good staff and parking,May 2022,"London, United Kingdom",Anthony M,/Profile/L4534NFanthonym, April 2022,40,"Hotel has access to the old Town, the Marina & the Sea front within easy walking distance.Staff are excellent with good attitudeBreakfast is a bit of a limited buffetOur room was small and a little dated.",4.0,12,2
43,"Hotel De France, un hotel AMMI",836737532,A Wonderful Hotel,Apr 2022,"Chicago, Illinois",Ken A,/Profile/990lindan, May 2022,50,"I am a 74 year old woman traveling alone who doesn’t speak French.  What could have been very unpleasant was made easy by the amazing staff at this hotel. They went above and beyond their duty to help me, including finding a way to ship my 50 pound suitcase back to the us.  I was always asking for help!   But they only made me feel welcome.  This staff is very well trained and well managed, but also just wonderfully nice people.Beyond that, i find the location perfectly located to walk just about anywhere.  My room was also quite nice with good maid service.I would never stay anywhere else in Nice.  Thanks to all my new friends!",5.0,16,19
44,"Hotel De France, un hotel AMMI",836511348,Superb an excellent stay,Apr 2022,"London, United Kingdom",Patricia J,/Profile/773patriciaj, April 2022,50,"Fantastic hotel, stayed here with my sister and we would both stay again.The  Hotel was spotlessly clean, very nice room, the staff were very attentive, breakfast was  very good. Very nice terrace for a glass of wine.Location wonderful",5.0,18,31
45,"Hotel De France, un hotel AMMI",834768837,5 star service,Apr 2022,"Halesowen, United Kingdom",markyp40,/Profile/markyp40, April 2022,50,"5 star service….. Looked after us after our Airbnb failed on all fronts. The young lady at reception sympathised with our situation and found us a perfect room that was bigger, better, cleaner, cheaper and had working electricity too…. Bravo",5.0,12,0
46,"Hotel De France, un hotel AMMI",834600910,Highly recommended,Apr 2022,"Bolton, Lancs",Hollydayhi,/Profile/Hollydayhi, April 2022,50,"A lovely hotel in a great location just off the promenade, the room was comfortable and had everything we needed, and the staff were courteous and helpful. Although our room overlooked the street, it wasn't noisy, and it was interesting watching the world go by. Breakfast was good value for money and the lounge area was stylish and attractive. We loved this hotel and would definitely return.",5.0,51,26
47,"Hotel De France, un hotel AMMI",834267520,Beautiful hotel with high standards,Apr 2022,"Copenhagen, Denmark",Louise A,/Profile/frk917, April 2022,50,"I stayed at the hotel with my 14 year old daugther for three nights. When we arrived at the hotel we were assigned a room on the ground floor with a window right out to the street where people would walk past all day long. It was not exactly what we had imagined when we booked the room (via booking.com where the room-picture is of one particular room in the hotel) - so although the room was a good size, had it's own small kitchen and a large bathroom, I prefer to be placed higher up. So I asked for another room on the first, second or third floor, and luckily the sweet receptionist found another room for us. The room was smaller but on the third floor and though the view was limited (overlooking a yellow wall) we were very happy with the room. We slept excellently and everything was clean and tidy. Beautiful wallpapers and colors throughout the hotel and beautiful bathrooms. The breakfast was wonderful and varied and the staff very welcoming and helpful. Distance to the nearest metro station, old center and the promenade is within walking distance. I give the hotel my warmest recommendation and hope to come back one day.",5.0,1,0
48,"Hotel De France, un hotel AMMI",834214605,"Hotel de France, Nice",Apr 2022,"London, United Kingdom",sjohns2016,/Profile/sjohns2016, April 2022,50,Excellent hotel with superb staff. The location is great with the Alsace-Lorraine Tram stop 5 minutes away and the Promenade d'Anglais 2 minutes walk away.The mobile wifi boxes are a really nice touch. Breakfast is very good and did I mention the great staff?,5.0,7,5
49,"Hotel De France, un hotel AMMI",833499967,"Fantastic location, facilities and staff",Apr 2022,,Mags Z,/Profile/magsz_13, April 2022,50,"I had a surprise girls weekend in Nice, organised by the best of friends, and we could not have asked for a better place to stay!  The hotel was perfectly located, with great facilities and super helpful and kind staff!  I would recommend the hotel whole-heartedly!",5.0,30,17
50,"Hotel De France, un hotel AMMI",833170988,Amazing!!!,Apr 2022,"Milan, Italy",Sherry D,/Profile/sherrydevlin, April 2022,50,"The front desk staff were great and very helpful!! I would absolutlley stay here again. to The hotel is close to shopping, restaurants and the boardwalk near the ocean, we enjoyed our stay very much!!",5.0,2,0
51,"Hotel De France, un hotel AMMI",833129063,A cozy but nice place in heart of Nice,Apr 2022,,akaush375106,/Profile/akaush375106, March 2022,50,"We had a very good stay in Hotel de France. The location is excellent - almost middle of the famous water front. Though the sea is not visible from the hotel. It had very friendly staff, and provides great service.Highly recommended.",5.0,1,0
52,"Hotel De France, un hotel AMMI",831168789,Good but needs little attention,Mar 2022,"Al Khobar, Saudi Arabia",Alsufyani,/Profile/Alsufyani, March 2022,40,"An excellent hotel and a special location where you find everything you need close to youThe rooms are clean and the décor is nice and there is a coffee machine, a wall heater and all the hotel needs, but what distinguishes this hotel from others is that you receive a mobile Wi-Fi device that you use wherever you are outside the hotel with an open chip so I used it in even in Cannes and no doubt this is a service I did not find in another hotel even in the most luxurious hotels in DubaiThe crew is professional and helpful, especially Olga.ButThe hotel is located on a narrow busy street and the sounds are annoying especially at night and my room 205 is located in front of the yellow light in the  street and the curtains do not have a rear insulation causing the entry of an annoying orange light during sleep and hot water does not reach the sink until I open the shower on the hot sideOtherwise, there's no reason why I shouldn't be back.",4.0,400,77
53,"Hotel De France, un hotel AMMI",831133702,Great stay with lovely service!,Mar 2022,"Rotterdam, The Netherlands",Ilona,/Profile/Wandering_Ilo, March 2022,50,We had a lovely stay and Olga and Fabrizio from the staff were very helpful and welcoming. Superb! We would love to stay for a longer period. Room was very clean and there even was a possibility to extend your check-out. Which helped us a lot on our trip.,5.0,2,0
54,"Hotel De France, un hotel AMMI",830377050,Excellent!,Mar 2022,"Bradenton, Florida",aselit310484,/Profile/aselit310484, March 2022,50,Everything you need within minutes. Awesome customer service. The most attentive! We came in November and I booked for my parents to come in March. Had to change dates. Quick and easy. Thank you very much! We will be back!,5.0,1,1
55,"Hotel De France, un hotel AMMI",829206038,Fantastic hotel with lovely amenities,Feb 2022,"Bekkestua, Norway",mathgirl85,/Profile/mathgirl85, February 2022,50,"Hotel de France can’t be called a “secret” with allof its wonderful reviews, but it feels like we found a treasure when we arrived here yesterday. Incredible value in the heart of Nice with charm and lovely staff. A friendly lobby space with self-service bar, books, and games. Highly recommend!",5.0,4,3
56,"Hotel De France, un hotel AMMI",828202169,Enjoyed our stay,Feb 2022,"Orange County, California",@i_therefore_conclude,/Profile/i_therefore_conclude, February 2022,50,"We stayed 3 nights.  It is behind 5 star Negresco Hotel and 2 minutes walk to the promenade. Uber from airport is €16 and takes 20 minutes door for door. Restaurants, cafes and patisseries all just minutes walk.  Breakfast buffet is wonderful. Room is very small but standard in Europe. Toiletries are Fragonard! There’s a nespresso maker and tea kettle in the room. Wifi is steady. We were pleasantly surprised that they provide a pocket wifi for the duration of the stay. They also have extra adapters.  Very charming hotel. Fabrizio in front desk is a superstar: speaks good English, very helpful and always cheerful.  Nice is such a beautiful city!Pix & vid on IG: @i_therefore_conclude",5.0,1974,287
57,"Hotel De France, un hotel AMMI",825955202,My trip to côte d’ azur,Jan 2022,,Danielg1603,/Profile/Daniel1603g, January 2022,50,"The personal treatment was excellent, the people in there were really nice to us and they fulfilled our necessity in a very nice way. The room for 4 peoples was correct. The hotel has an excellent location it’s close to the beach and they gave us advice to where to park the car",5.0,2,0
58,"Hotel De France, un hotel AMMI",824798381,Hotel ideally located in Nice,Jan 2022,"Nice, France",Edmond,/Profile/edmondmm21, October 2021,50,"Hotel ideally located in Nice near the promenade and old Nice, train station and tramway nearby. Warm welcome, friendly and attentive staff. Clean and bright room. Varied and plentiful breakfast. We recommend !",5.0,26,10
59,"Hotel De France, un hotel AMMI",824576093,Nice Hotel in Nice!,Jan 2022,"Bucharest, Romania",Sorin S,/Profile/MarinelaSS, December 2021,50,"I just returned from a wonderful stay at this charming hotel, as a convenient proximity location for my medical trip to CHPG Monaco. I visited Nice before, so I avoided more expensive and/or boring locations like Monaco & Menton (surprising, Menton is not quite cheaper even in these Covid/winter days, I can't explain why!). I‘m reticent to put reviews from some time, however I shall make an exception for Hotel de France, due to extremely friendly/helpful staff (with a special bow for Fabrizio!) and location (Carre d'or!). The location of this hotel could not be better. It’s a 2 minute away from Promenade des Anglais, 12 minutes to train station, 10 minutes on Rue de France to city center, 4 minutes to Alsace-Lorraine tram station, convenient link to airport (or chose more scenic bus 12 on Promenade) or Shopping street/Old town/Port Lympia(from the last one, you can take bus 100 to Villfrance-sur mer, Saint-Jean-Cap-Ferrat, Monaco, Menton with only 1.5 eur). There are a lot of little cafes and all kind of food stores nearby, as well as restaurants walking distance on Promenade or directly on Rue de France, most of all close to the city Center.  Our room was the smallest one, but clean, comfortable and had all of the necessities. Having stayed in December for 18 days, weather was fabulous, mostly sunny with picks of 15-16°C, no wind at all.",5.0,16,6
60,"Hotel De France, un hotel AMMI",824065263,Very nice hotel.,Jan 2022,"Tromso, Norway",PCPC,/Profile/paalc2015, December 2021,50,"We stayed at this hotel 9 days (2adults+1child) Nice rooms and good beds.  Hotel has perfect location close to many restaurant, city centre and promenade anglais beach. Very friendly hotel staff that was always ready to help, we always felt very welcome. Room service was very good also. We will for sure come back.",5.0,3,2
61,"Hotel De France, un hotel AMMI",823591053,"Great location, great staff!",Dec 2021,"Denver, Colorado",Elizabeth G,/Profile/ElizabethG804, December 2021,50,"The location is super convenient to everything. A few blocks from the beach, and tons of restaurants and cafes around. We upgraded to a room with a balcony and it was a great choice! The staff is really kind and helpful, and happy to make recommendations",5.0,67,23
62,"Hotel De France, un hotel AMMI",823353936,Trip to Nice,Dec 2021,,Michael T,/Profile/Y207FBmichaelt, October 2021,50,"Lovely hotel with very helpful staff. Excellent value for its proximity to city centre, couldn’t recommend highly enough. The staff made our stay very enjoyable and helped us in any way they could. Would happily stay again.",5.0,1,0
63,"Hotel De France, un hotel AMMI",822474908,Awesome location and price,Dec 2021,"Punta Prima, Spain",tonitone,/Profile/tonitone, December 2021,50,"this place is a gem, location is fantastic, bang in the action on Rue de France and 100m from the ocean. Efficient and accommodating check in, the room (while not huge) was perfectly fitted out with a comfy bed, tea/coffee facilities, flat screen TV, individual heating, nice (but small) bathroom. Our pet also stayed for a fee and parking was literally 50m away in a public parking garage. They also have an honesty bar with wine, beer and other alcoholic beverages. For the price, it really is a great place to stay, has everything you need for a short break in Nice. It's also clean, and the room was quiet, despite the fact that our room looked over Rue de France.",5.0,517,549
64,"Hotel De France, un hotel AMMI",821265951,We truly loved it!,Dec 2021,"Luleå, Sweden",Getaway60636528465,/Profile/Getaway60636528465, December 2021,50,The staff made us feel so welcome from the moment we arrived and the were so helpful during our stay. The hotel is close to restaurants and bars but still very quiet at night. Very good continental breakfast and receptionstaff can arrange pre-paid taxi transfer. We will definitely stay there again! Too cold for their terrace in December but it must be wonderful in the spring and Summer.,5.0,113,70
65,"Hotel De France, un hotel AMMI",821207336,Great property in the heart of Nice,Dec 2021,,Dreamer16098471278,/Profile/Dreamer16098471278, November 2021,50,"This property is located right behind the famous Negresco hotel. The staff received us with a bottle of water (which we needed a lot), a smile and a very friendly welcome. They have a small breakfast room next to the reception with coffee, tea, wine, pastries, etc. Our room was upgraded with a balcony because it was our Honeymoon. It rained the two nights we stayed there so we couldn't use it. The location is great as well. We took the train to get there, it's a 10 min walk approximately.",5.0,1,0
66,"Hotel De France, un hotel AMMI",820858643,Quite a Find,Dec 2021,"Washington, D.C.",markyoungberlin,/Profile/markyoungberlin, December 2021,50,"Here is a real find for you:Charming small hotel, excellent location steps from the Promenade d'Anglais, very friendly service, wonderful breakfast, not expensive.  What is not to like?Dr Mark Young, Berlin, Germany",5.0,29,28
67,"Hotel De France, un hotel AMMI",816500604,"Service is great, staff is polite and attentive, clean and cute design in the heart or Nice",Oct 2021,,Anna S,/Profile/AnnaS12819, October 2021,50,"Such a wonderful service, the lady at the reception was so lovely and helpful (I had to keep my luggage longer than intended and she kept it for me with a big smile). The hotel is super cute, it is clean and close to all the attractions. I would definitely recommend!",5.0,1,1
68,"Hotel De France, un hotel AMMI",815778873,"Nice, lovely city",Oct 2021,"London, United Kingdom",FTLBJT,/Profile/FTLBJT, October 2021,40,"Very pleasant hotel, perfect location, reasonably priced. Rooms a little small but given the aforementioned it does not matter. Great breakfast including not only eggs etc but also fresh tarts and pastries from the bakery next door!Staff very friendly and super helpful.",4.0,12,3
69,"Hotel De France, un hotel AMMI",814823078,Vacation,Oct 2021,NY,tachaNy,/Profile/tachaNy, October 2021,40,"I enjoyed staying in this hotel, the location is great with tons of restaurants, stores and walking distance to the flowers market, massena, promenade des Anglais and many more. Can have more variety for breakfast. The room was cleaned every day, all the staffs were outstanding very helpful and make you feel welcome.",4.0,10,12
70,"Hotel De France, un hotel AMMI",813925058,Excellent hotel in a convenient location.,Oct 2021,"New York City, New York",Jason L,/Profile/JasonL294, October 2021,50,We thoroughly enjoyed our stay at Hotel de France.  The staff were exceedingly friendly and helpful throughout or stay.  The hotel is in an excellent location — close to everything.  The room was cozy and clean.,5.0,16,13
71,"Hotel De France, un hotel AMMI",813884664,Great stay and perfect service!,Oct 2021,The Netherlands,Marjolein,/Profile/marjoleinb636, October 2021,50,"We stayed for 4 nights at Hotel de France and were super happy with our choice! The service was outstanding, staff was very friendly and all extra amenities were great. The room offered everything we needed, good quality bed and spacious bathroom. Also the location is absolutely perfect, very close to the promenade and beach plus really nice area and walking distance from everything. We would definitely recommend to stay here and would be back when we return to Nice! Thank you again!",5.0,5,2
72,"Hotel De France, un hotel AMMI",813872043,Night Nice,Oct 2021,,Johnross69,/Profile/Johnross69, October 2021,50,"Excellent stay, very welcoming reception and clean rooms setup as requested. Very central location with great choice of restaurants on walking distance, boulevard a stone throw away Would definitely visit again and recommend to others",5.0,1,0
73,"Hotel De France, un hotel AMMI",813869717,Very nice hotel in Nice,Oct 2021,,Igor G,/Profile/B4661CWigorg, October 2021,50,"Excellent location, home atmosphere, very friendly staff able to help in all matters or give advice, every staff memberis  really focussing to make your stay pleasant (towel for the beach even if no season, bring wine glasses to the room, bottles of drinking water etc. Honesty bar  and terrasse  24x7, good breakfast, cofee mashine in the room.I was very enjoined by staying in this amazing hotel.",5.0,2,1
74,"Hotel De France, un hotel AMMI",813105738,A great place to stay in Nice,Oct 2021,,yasserjabri,/Profile/yasserjabri, September 2021,50,"Location is great. Service is outstanding, they’ve out of they way to accommodate our need for breakfast. Room is a bit tight for a family of 5 but it we all slept well. Terrace is nice place to spent some time at night. Highly recommended. Short walk to parking. Short walk to old town and promenade de anglais.",5.0,1,0
75,"Hotel De France, un hotel AMMI",812671060,Great hotel in NIce!!!,Oct 2021,,Martha M,/Profile/D7675WZmartham, September 2021,50,"Hotel location is excellent, easy access to train station and city center close to the beach, shops and restaurants. Breakfast amazing, hotel stuff friendly, polite and helpfull. Rooms nice decorated and spottlesly clean.",5.0,1,1
76,"Hotel De France, un hotel AMMI",811169006,Amazing hotel and people!,Sep 2021,"West Palm Beach, Florida",Jessi116,/Profile/Jessi116, September 2021,50,"This hotel is amazing in so many ways. It is located 2 blocks from the beach and surrounded by shops and great restaurants. The manager and employees are super friendly and helped me with everything during my stay. They have a great breakfast and drinks at the lobby if you feel like having some wine. The rooms are really cute, air conditioned, super clean and have a Tv and refrigerator. My husband had to be hospitalized due to COVID and these people became like family and were so wonderful and helpful to us. I am looking forward to returning in the future.",5.0,58,67
77,"Hotel De France, un hotel AMMI",810116112,Excellent customer service,Sep 2021,"New York City, New York",sarahborukhov,/Profile/sarahborukhov, September 2021,50,The staff was extremely helpful and went above and beyond to accommodate me. The breakfast was good and the area was clean. The rooms were cleaned well. The one thing that stood out was the great customer service and the kindness of the staff.,5.0,1,0
78,"Hotel De France, un hotel AMMI",810069771,"Great location, clean and comfortable",Sep 2021,London,Melissa B,/Profile/Melissa_Global, September 2021,40,The location of the hotel is superb. The room was surprisingly quiet for being so close to a busy neighbourhood. The staff were all very friendly and helpful. The rooms are small but ample enough for a place to sleep. Clean and comfortable. There was sometimes noise on the stairs from people tramping back to their rooms late at night (and cheap lino on the bathroom floors) but otherwise very good value.,4.0,172,81
79,"Hotel De France, un hotel AMMI",809938651,Excellent service all round. Helpful and courteous staff.,Sep 2021,,Barry M,/Profile/F9389JCbarrym, September 2021,50,"Most enjoyable stay in wonderful and convenient hotel. within walking distance of the beach and promenade and city centre. Rooms and bathroom were clean, breakfast was really good as was the service at all times from the staff.",5.0,1,0
80,"Hotel De France, un hotel AMMI",808551677,Lovely hotel and staff,Sep 2021,"Grasse, France",magdalenakoco,/Profile/magdalenakoco, September 2021,40,"Such a lovely hotel and stay. Got upgraded by Olga who was really sweet and accommodating. We felt well received and comfortable and enjoyed the little balcony. A nice wine and cheese shop next door, great location! Will definitely visit again.",4.0,1,0
81,"Hotel De France, un hotel AMMI",808299278,Perfect Location & Incredible Service ,Sep 2021,"Dallas, Texas",Stephanie W,/Profile/M9834ZNstephaniew, September 2021,50,"I’m so glad we chose to stay at this hotel. The staff were so helpful and kind - from restaurant recommendations to lending us a wifi card to ensure we had service while touring, we loved this hotel. The rooms were very clean and beautifully furnished. Would definitely recommend!",5.0,9,4
82,"Hotel De France, un hotel AMMI",805170343,Hotel de France little price great service ,Aug 2021,"Braga, Portugal",luxa1966,/Profile/luxa1966, August 2021,50,Cozy and sweet hotel just in the centre of everything in Nice. Employees are very kind and truly interested that you have a nice vacation. All you need of stores aroundVery cheap concerning the location and the service. I recommend The beach is 2 minutes walking,5.0,8,2
83,"Hotel De France, un hotel AMMI",803089513,Best deal in best location in Nice,Aug 2021,"Canton of Geneva, Switzerland",NicolaOrl,/Profile/NicolaOrl, July 2021,50,"I went to this hotel in July 2021. It has all needed amenities a tourist can look for. Perfect location, quiet, central, next to restaurants and supermarket, next to the beach. Easy to access it with public transit from the Airport. The staff was very pleasant and helpful. The rooms are pretty small, especially the bathrooms, but very clean. I will come back here for my next trip to Nice.",5.0,108,78
84,"Hotel De France, un hotel AMMI",801668764,Small and cozy hotel,Aug 2021,"Gothenburg, Sweden",Emil M,/Profile/emilm0, August 2021,50,"We stayed here for 3 nights and loved the hotel. The rooms are fairly small but nicely decorated and chilled thanks to efficient AC. We never tried the breakfast but what makes this a top hotel is two reasons: 1. The close proximity to the beach and city (grocery store is close by as well).2. The staff, from the start we had a really warm welcome and even though we were checking out the last day, they offered us a beach set (towels, mattresses and a parasol) without extra charge.",5.0,8,2
85,"Hotel De France, un hotel AMMI",797603263,Perfect  base from which to enjoy Nice,Jul 2021,"Austin, Texas",Kathleen Anderson,/Profile/kathleenanderson, July 2021,50,"Great hotel in a perfect location. Rooms feature adorable wallpaper. Enjoy wine from the honor bar 24 hours/ day. Rent beach towels from the front desk for the duration of your stay for just a few Euros. WiFi routers available at the front desk upon request. Knowledgable, kind and thoughtful staff with patience for our terrible (non-existant) French.",5.0,19,23
86,"Hotel De France, un hotel AMMI",790515323,Beautiful hotel,May 2021,,Elena M,/Profile/X861TYelenam, May 2021,50,"Such a beautiful and cozy hotel close to the beach and 20 min walk to Old Town. The room was clean and very comfortable. Our favourite part is the relaxing, tropical themed terrace where we took our breakfast every morning. The staff are amazing and very helpful! Will definitely book again at this hotel.",5.0,1,1
87,"Hotel De France, un hotel AMMI",788014358,Excellent service!,May 2021,,Helena I,/Profile/HelenaI41, May 2021,50,"10 out of 10I liked everything about this hotel: location, services, and facilities The staff was extremely friendly and helpful and provided all information that I requested The location is super convenient too!",5.0,1,1
88,"Hotel De France, un hotel AMMI",785611303,Extra friendly boutique hotel,Mar 2021,Paris,MathieuBlondel,/Profile/MathieuBlondel, March 2021,50,"A perfect location, very nice design and full convenience hotel, and the extra smile from Baptiste and his team makes the stay a perfect alternative to standard, “big machines” hotel  ; feel the Nice experience at Hotel de France!",5.0,1,1
89,"Hotel De France, un hotel AMMI",785548142,Loved it !,Mar 2021,,Anabananna88,/Profile/Bghhhggzzhhhhhh, March 2021,50,"I had such a lovely stay in this little charming hotel ! Well situated, perfectly decorated, stunningly clean, with great staff. Especially their amazing receptionist Oceane :) Thank you for all your help.",5.0,8,6
90,"Hotel De France, un hotel AMMI",780771968,NICE atmosphere in this hotel,Jan 2021,,MAT,/Profile/MattAlexand, January 2021,50,"I have worked 5 years in tourism and I can tell you these people are doing their job right.Friendly, helpful and effective responses to guests requests. The breakfast in the room is also very good. Location near the sea. Can only reccomend it ! A la prochaine !",5.0,2,1
91,"Hotel De France, un hotel AMMI",780672523,Perfect Little Place,Jan 2021,,Looney T,/Profile/loonitunes, January 2021,50,"super friendly and helpful staff! the rooms are very cozy, clean and the bathroom is quite spacious equipped with a very nice shower. delicious breakfast and a cute lobby. also, the hotel is located very central, the sea, supermarket, boulangerie and the old town is very nearby. lovely little hotel,thank you so much! :)",5.0,1,1
92,"Hotel De France, un hotel AMMI",780010998,Wonderful hotel!,Dec 2020,"Oslo, Norway",Margrethe,/Profile/627margretheh, July 2020,50,"Great, reasonably priced hotel in Nice - easy access to train station and city center. Simple, small, beautiful and comfortable rooms. We slept well in the beds. Staff was friendly and helpful. Stayed one night without breakfast as we were continuing our journey through Provence.",5.0,1,1
93,"Hotel De France, un hotel AMMI",775923023,Monika,Oct 2020,,Monika V,/Profile/217monikav, October 2020,50,"All perfect! Nice, quiet and big bedroom, spacy and clean bathroom. Nice view from window on city. Pleasant staff. Very good location in centre of the city and close to beach. Breakfest was also very good.",5.0,1,1
94,"Hotel De France, un hotel AMMI",775156371,Wonderful in every way! ,Oct 2020,"Woodbridge, United Kingdom",Viaggiatorehlc,/Profile/Viaggiatorehlc, October 2020,50,"While this hotel is rated 3 stars, the service and amenities are 5 star. The staff are top notch - helped with printing a few pages for me, dealt with a leaky shower pronto and offered me a bottle of water for the train. Room was small but perfectly formed and toiletries are from Fragonard. I didn’t have a chance to enjoy breakfast but hope to be back soon to try it. Very good value and great location too - who could ask for more?",5.0,36,30
95,"Hotel De France, un hotel AMMI",772371749,Best Hotel!!!,Sep 2020,,Alina S,/Profile/alina1234566, February 2020,50,"the people were very friendly, especially a young lady named hatice she was always very nice and friendly to us. the food tastes extremely good and this is one of the cleanest hotels i have ever stayed in i would recommend this hotel to everyone!",5.0,1,1
96,"Hotel De France, un hotel AMMI",769027021,Excellent price-quality ratio!,Sep 2020,,Florencia A,/Profile/florenciaa374, August 2020,50,"Great option only at 150 mts from the beach! Nothing better than check in a very Clean room, smelling delicious and with colorful walls. It was very helpful to have our own fridge and coffee/tea machine inside our room. But apart from all that, the team was incredibly friendly and very willing to help, Caroline from Brazil and Fabrizio from Italy gave us the best suggestions during our stay. Bravo! We will definitely recommend it and hopefully, we can come back anytime soon! Flor & Juan from Argentina",5.0,6,5
97,"Hotel De France, un hotel AMMI",768039307,Hotel with a big heart,Aug 2020,"Munich, Germany",Meng-jie H,/Profile/72mengjieh, August 2020,50,"This is what a boutique hotel about: good taste, warm reception, putting customer's needs in front of everything else. I cannot recommend Hotel de France highly enough. To give you a fair orientation: it is situated right behind Negresco.",5.0,33,38
98,"Hotel De France, un hotel AMMI",765938240,Wondeful and helpful staff ,Aug 2020,"Solna, Sweden",Rasmus,/Profile/12rasmuss, August 2020,50,Me and my friends were staying at Hotel De France for 1 night and it’s couldn’t have been better. Such a helpful and wonderful staff. Always with a smile and we’re serviceminded. I would definitely stay here next timeI visit. Also just 150 m from the beach Amaaazing,5.0,3,2
99,"Hotel De France, un hotel AMMI",765714997,Fantastic hotel,Aug 2020,Manchester,Anthony03,/Profile/Anthony03, August 2020,50,"Service was amazing - all staff so friendly and went out of their way to make sure our stay was good. Hotel roomWas clean and had everything you need, with great view down the street. Will definitely stay here again.",5.0,2,2
100,"Hotel De France, un hotel AMMI",761249050,heart warming experiences at l'Hotel De France,Jul 2020,,Graham K,/Profile/965grahamk, March 2020,50,"We were made to feel very welcome from the moment we arrived; the treatment we received at reception was excellent.  We were delighted with our room; it was in really good decorative order, the bathroom was spacious and spotless, the bed was very comfortable.  We had a sun-kissed terrace that looked out onto the street.  The location was excellent.  We were looking forward to spending an enjoyable week at l'Hotel De France... only... within days, France was in lockdown.  Baptiste, the manager, went out of his way to look after us at a difficult, worrying time.  He made himself available, offered advice and kept us up to speed with developments.  When the restaurants and cafes closed, he let us bring food back to the hotel to eat in the dining room; we could help ourselves to cutlery and crockery.  He and his staff were very supportive.  Needless to say, I'm looking forward to going back (Baptiste provided a voucher to cover a future stay, as we chose to fly home early).  Thanks again",5.0,1,1
101,"Hotel De France, un hotel AMMI",759800058,super recommended!,Jul 2020,,saulo1929,/Profile/saulo1929, July 2020,50,"Our stay in the hotel was perfect. We had planed to stay just one night in the hotel and in the city but at the end we stayed three nights...! Everything was superb; the service, the cleanliness, the location...It's true that we went during the pandemic and because of that the price might was lower than normal, but for the money we spent there is no better hotel in Nice...!",5.0,1,1
102,"Hotel De France, un hotel AMMI",753149821,I had a wonderful stay for four days with my teenage daughter,May 2020,"Berlin, Germany",Esther,/Profile/215estherf, February 2020,50,"The location is fantastic, the hotel-team is friendly, the breakfast was good, the rooms are nice. For a stay in the center of Nice I couldn't imagine better place for this price. I will repeat my stay there at least this year.",5.0,1,1
103,"Hotel De France, un hotel AMMI",749641418,great choice,Mar 2020,"Haifa, Israel",inna s,/Profile/inna76, February 2020,50,"We stayed in this nice hotel during Nice carnival.It was a great choice. Amazing location - just near the Promenade des Anglaise, behind the famous Negresco.The rooms are comfortable and clean.the staff is very friendly and welcoming.Breakfast is nice as well.And the price is very fair.recommended",5.0,272,158
104,"Hotel De France, un hotel AMMI",749510346,Great hotel in a superb location,Mar 2020,"Chelmsford, United Kingdom",Jon B,/Profile/JonB881, March 2020,40,"Very friendly and helpful staff throughout our stay here.  Location is great, only a block away from the promenade, and close to good restaurants and the town.  Also super easy and cheap to get to and from the airport via the new tramline.Rooms are small, but well decorated, complete with TV (French language stations only) and tea and coffee facilities.  Breakfast buffet spot on with a good selection of pastries, cereals and juices.Our only negative was we found the noise from the street outside quite loud late at night and early in the evening - mainly the sound of noisy bikes going past or the daily dustcart emptying of the bins! (we were on the 2nd floor).",4.0,461,179
105,"Hotel De France, un hotel AMMI",748761617,Hotel De France Nice,Mar 2020,Castronno,Elsa P,/Profile/elsap483, February 2020,40,"Small and cosy hotel and very friendly staff! Well located, less than 3 minutes walk from the beach walk  in Nice. Close to (in the) site centre and to tram/metro station if you prefer that. The rooms are small. Recently refreshed interiors. Nice with a serve-yourself-mini-bar in the lobby with a book where you note what you had. Friendly atmosphere!",4.0,2,2
106,"Hotel De France, un hotel AMMI",746653916,Nice in Nice (sorry 😂),Feb 2020,"Decatur, Georgia",tip2nfamily,/Profile/tip2nfamily, February 2020,50,"Small hotel with very friendly and helpful staff. The hotel is very clean and in good condition. The location is very convenient and the full breakfast (11 €) was quite good (croissants, pastries, cheese, meat, eggs with fresh juice). Our room had a small balcony overlooking the street which was a pleasant place to relax. We would definitely return and recommend this hotel to others.",5.0,15,2
107,"Hotel De France, un hotel AMMI",744142867,Super!!!,Feb 2020,,Fliak L,/Profile/fliakl, October 2019,50,"A very superb hotel, with a pleasant staff and 100% service !!!! In April we will be back again!!!! I would highly recommend this hotel. The price is very accessible to the services offered in this beautiful city !!!",5.0,1,2
108,"Hotel De France, un hotel AMMI",743332819,So near the beautiful sea,Feb 2020,"North Yorkshire, United Kingdom",Leasle,/Profile/Leasle, February 2020,50,"We enjoyed staying here because we could walk to the sea in five minutes and the room was clean and well kept but most of all because all the people were so kind and helpful.  Also there are some very good restaurants within a short walk away and local shops. We found it better to be in this area than the old town, which you can easily walk to anyway.",5.0,66,68
109,"Hotel De France, un hotel AMMI",741093562,"Small, cosy, super-friendly",Jan 2020,"Brussels, Belgium",pbru54,/Profile/pbru54, January 2020,50,"My fourth visit. Small private hotel. Owner always present and available. Great location two minutes from Promenade des Anglais, beside Negresco. Cosy rooms with renovated bathrooms. Full breakfast buffet in lovely room. Plenty of restaurants nearby (with great recommendations from staff). Above all, this hotel has the friendliest staff I have ever met.",5.0,121,100
110,"Hotel De France, un hotel AMMI",740179266,Excellent sTay,Jan 2020,,Madalina F,/Profile/507madalinaf, December 2019,50,"A heathly breakfast, a small and very clean hotel, free wifi throughout the city, daily housekeeping, restaurants nearby, little noise but normal for location, bravo to all the team!! we return with pleasure.",5.0,1,1
111,"Hotel De France, un hotel AMMI",740175255,Enjoyed my stay,Jan 2020,"Paris, France",cooper_sainsbury,/Profile/cooper_sainsbury, January 2020,50,"Great location for the price, rooms are excellent and staff very friendly. A nice breakfast is offered for a small fee and I particularly enjoyed having a portable wifi hotspot which is included that you can take out into town.",5.0,2,2
112,"Hotel De France, un hotel AMMI",739294570,Excellent Hotel!,Jan 2020,,Ricardo Andrés V,/Profile/Trail607216, January 2020,50,"I stayed in this hotel with my partner from the 10-1-20 to the 12-1-20 and was amazing. The staff was very helpful and friendly, the location couldn't be better and the quality/price ratio was unbeatable. I totally recommend to everyone to stay here.I hope to come back soon!!",5.0,1,1
113,"Hotel De France, un hotel AMMI",739253527,Great hotel in Nice,Jan 2020,,TK4,/Profile/tka-tripad, January 2020,50,"Confortable room, well decorated hotel, friendly staff, especially the Brazilian receptionist, very good location. The only downside is that there is no restroom in the common area for guests, toilet only in the room.",5.0,3,1
114,"Hotel De France, un hotel AMMI",738845474,Excellent!,Jan 2020,,vcrcg,/Profile/vcrcg, January 2020,50,"We had an excellent stay at the hotel, the recepcionist were extremelly kind and helpful (thanks to Caroline!)! We had booked a standard double room and they offered us a superior double room for no extra price, which was really nice. The room was super clean and comfortable plus well isolated from sound.",5.0,1,1
115,"Hotel De France, un hotel AMMI",737501726,Christmas break,Jan 2020,"Surrey, United Kingdom",Peter Dawson,/Profile/Onlyincomfort, December 2019,40,"Clean, quiet, friendly, professional, value for money, strong recommend. The hotel is located at the end of the main street in Nice for bars and restaurants and is not far from the new tram stop for the airport.",4.0,1,1
116,"Hotel De France, un hotel AMMI",736287222,Fantastic Hotel!,Jan 2020,,Marianna,/Profile/MariannaB862, December 2019,50,"Excellent location, very close to the beach, very pleasant and warm atmosphere, staff was exceptionally friendly, helpful and kind, the room was cosy and clean. I would stay here anytime again, it's a perfect base to explore Nice from while feeling like at home!",5.0,1,1
117,"Hotel De France, un hotel AMMI",732276238,too close to the street,Dec 2019,"Dublin, Ireland",OrrDublin,/Profile/OrrDublin, November 2019,20,"I stayed in this hotel and I have a bad memory, room and bathroom really small, I heard that they would do a renovation, I think it is important, because it is a nice hotel,I slept badly because there was a storm and a lot of rain,soundproofing problem because we hear street noise, you should put triple glazing,  high price for a month of November",2.0,30,39
118,"Hotel De France, un hotel AMMI",730040480,"Excellent hotel, great location, wonderful staff!! ",Dec 2019,"Americana, SP",thaynan C,/Profile/thaynanc, November 2019,50,"I travelled with my girlfriend to Nice and the hotel is perfect, very well located and the staff (Brahim, Carolina and others) gave for us very good indications about what to do and eat in Nice. We hope to return and stay in the same hotel.",5.0,9,14
119,"Hotel De France, un hotel AMMI",729282520,A solid choice of hotel,Nov 2019,"Derby, United Kingdom",Mary Ellen Pomppeo,/Profile/MaryEllenPomppeo, August 2019,50,"I booked Hotel de France for a friends wedding, it was being celebrated in Nice, and staying anywhere in the area was an option, so I chose this one as I had a good rate on my Hotels account.Overall a very solid choice, im in agreement with the high rating and other reviews stating the rooms are comfortable, its just a quick walk to the beach, and the location is perfect.Nice is an extraordinary place!",5.0,1,2
120,"Hotel De France, un hotel AMMI",728778333,the best hotel in Nice,Nov 2019,"New York City, New York",lera0427,/Profile/lera0427, November 2019,50,"I planned to stay 1 night only, but stayed 5 nights eventually. The room was super cosy, clean,comfotable bed, nice design & etc... the stuff is super friendly and nice. I felt like at home. it is very important when you traveling by yourself:) the location is amazing! just 1 block away from the sea and the rest is so near! I will definitely stay again while I'm in Nice!",5.0,2,2
121,"Hotel De France, un hotel AMMI",728548187,Very nice in Nice,Nov 2019,"Perth, Australia",Remy M,/Profile/146remym, November 2019,50,"We spent several days in this beautiful place next to the beach and center , my girlfriend and I spent a very good time , the room was a little bit colder but Olga was very helpful for us and bringing a heater for our room. We recommend  this hotel",5.0,1,1
122,"Hotel De France, un hotel AMMI",728262211,Hotel De France,Nov 2019,"Minneapolis, Minnesota",JK01,/Profile/JK01, July 2019,50,"This small hotel is newly remodeled. The bathroom was better than the 4 star hotel nearby, and the room had much more character. Everything is freshly painted or covered in new wallpaper. The staff were some of the most friendly and helpful of any I have encountered in hotels. This is a great find, fairly priced, walking distance to the center of Nice and the beach. Pleasant outdoor terrace is a great place for a drink. Recommended.",5.0,230,459
123,"Hotel De France, un hotel AMMI",726780851,Location/cleanliness/service ....Top class!!,Nov 2019,"Mumbai, India",DevendraDeshpande,/Profile/DevendraDeshpande, October 2019,50,We stayed in this place for two nights on the 15th and 16th of October 2019. Right from the time we entered the place we were treated to an all round great experience...the staff was not just courteous but extremely genuine and eager to make our stay perfect (whether in room requirement or giving us umbrellas since it was raining in Nice and also not just guiding us time and again but also making necessary travel arrangements when required! The room size was perfect and were spotlessly clean and extremely comfortable. I would highly rate this property from a location perspective and all other things....special mention for Olga (front office) and her colleagues (unfortunately dont have there names). Keep up the great work....Deven,5.0,3,3
124,"Hotel De France, un hotel AMMI",725928200,An excellent stay in Paris,Nov 2019,,Andreas R,/Profile/770andreasr, September 2019,50,"My girlfriend and I had a wonderful stay at Hotel De France. Because our original booking (with another company) got cancelled by the host we all of a sudden had no place to stay. Because it was Paris Fashion Week most hotels were full, but we managed to get a room at Hotel De France. Our first night was in a room on the first floor which was very small, but tidy and cozy, After one night the manager upgraded us to an excellent room at the 4th floor at no extra cost. This really made our stay. Hotel has a great location with restaurants and shops nearby, and metro/buss just 5 min walking distance.We loved our stay at Hotel De France!",5.0,1,1
125,"Hotel De France, un hotel AMMI",723486948,very good location with a French touch,Nov 2019,,maylis g,/Profile/658maylisg, November 2019,50,We stayed 4 days as a family in this hotel. The staff was uber friendly caring from our every need. The location i sperfect. 1min a way on foot from the beach and the promenade des anglais. The rooms are comfortable and the breakfast plentiful. I liked the terrasse where you can look at the French way of life in the street. Very good ratio price / quality of service.,5.0,1,1
126,"Hotel De France, un hotel AMMI",722491293,Very sweet new hotel.,Oct 2019,"Tel Aviv, Israel",WightLight,/Profile/WightLight, October 2019,50,I stayed over for 1 night.The hotel is very new with spacious and very comfortable rooms.(It's so new that some sockets didn't work and the safe (which was too small) was not connected to the wall.The location is perfect and it's easy to find.Staff was friendly and kind.The added bonus - a wireless router that I could use anywhere in the city was wonderful and unexpected bonus.All in all - I'd be happy to stay again,5.0,214,68
127,"Hotel De France, un hotel AMMI",720614029,Excellent hotel in every way,Oct 2019,Lyon,LyonDublinVisitor,/Profile/LyonDublinVisitor, October 2019,50,"Just about everything about this hotel was done very well.  The decor was very tasteful (apart from the cheap metal front door - don't be put off by first impressions, the rooms are beautifully decorated).  All the staff were extremely helpful.  There's a dozen small details that make this feel like a 5 start hotel.",5.0,38,40
128,"Hotel De France, un hotel AMMI",719554998,Brilliant Holidays and brilliant staying,Oct 2019,,GiuliaClaudio12,/Profile/GiuliaClaudio12, October 2019,50,One of the best Hotel I've ever been! Me and my boyfriend We travel quite a lot and honestly We rarely find such a friendly staff! The receptionist Fabrizio is an amazing guy always available to sort out any problem and able to give some tips about nice places to visits which they were enjoyable due to the amazing weather. If we'll be back we will definitely go back to the Hotel de France!,5.0,15,4
129,"Hotel De France, un hotel AMMI",718916481,"Excellent Value, friendly welcoming staff, near the Promenade..",Oct 2019,"Providence, Rhode Island",Harm,/Profile/Harm, September 2019,50,"We had a one nite stay in mid September, first floor with balcony, nice sized room, impressively huge bathroom with checkerboard black and white tiles. Elevator; newly renovated building; The staff are friendly and accomodating. Plentiful morning buffet breakfast. Would stay there again.",5.0,21,13
130,"Hotel De France, un hotel AMMI",717609192,Great little hotel,Oct 2019,"Florham Park, New Jersey",Diann P,/Profile/799diannp, October 2019,50,Great location within walking distance to everything. There are also great cafes and shops close by. The shower was nice and the bed was comfy. We had a balcony that allowed us a nice breeze. The staff was great. It’s a great hotel at a good price.,5.0,59,28
131,"Hotel De France, un hotel AMMI",716590441,World Champs703 Ironman,Oct 2019,"Sedgefield, South Africa",Marie Anne M,/Profile/MarieAnneM22, September 2019,40,"We came to Nice for the Ironman competition, with all the gear and the tribike, This hotel was perfect. The staff were extremely accommodating and made us feel most welcome , nothing was too much effort. the room was lovely, a bit tight with a bike and two people. The location of the hotel is perfect, near the beach and near a very nice shopping street, and within walking distance of the old town. We loved our stay there and will certainly be back. Thank you to all the staff for making our stay great.",4.0,25,41
132,"Hotel De France, un hotel AMMI",715955839,Centrally Located,Oct 2019,"Luton, United Kingdom",ashah342669,/Profile/ashah342669, October 2019,40,Centrally located - 2 mins walk to the promenade. Tram station is 5 mins away. Friendly and helpful staff.    Rooms clean but slightly cramped. We had a superior room for three.  Easy to get everywhere! Lovely cafés around us.,4.0,1,1
133,"Hotel De France, un hotel AMMI",715670387,Best hotel in Nice by all aspects,Oct 2019,Israel,Ronen-Zeus,/Profile/Ronen-Zeus, September 2019,50,"first is the perfect location, right on the promenade and few minutes walk from the heart of everything.Second, the staff and especially Baptist and Olga, they reinvented the meaning of service, and did what ever was needed to make us satisfied, I do not have enough words to describe the adventure.the facilities where great, the room, the shower and the continental breakfast that was more than enough.By all means this is a boutique hotel with value for money, you feel as if you stay in a good Parisian hotel.  Thank you Baptist and Olga for a great vacation.",5.0,300,79
134,"Hotel De France, un hotel AMMI",714713541,Great Value for Money,Oct 2019,"London, United Kingdom",Leo A,/Profile/leoa91, September 2019,50,"Very kind staff, good location. Room is not very big, but it's clean and comfortable. Hotel has a lift, which is also very convenient. Breakfast is not amazing, but overall it is good value for money.",5.0,62,33
135,"Hotel De France, un hotel AMMI",713831624,Absolutely Fabulous Stay!!,Sep 2019,"Hertfordshire, United Kingdom",sparish74,/Profile/sparish74, September 2019,50,"Fabulous greeting from all staff when entering reception. Lovely size room and bathroom very clean and tidy. Great selection for breakfast, comfortable seating area. Perfect attention to detail. Beautiful terrace area that we enjoyed a glass or 2 of Champagne. Totally recommend this hotel, as we will definitely be returning in the future.",5.0,14,5
136,"Hotel De France, un hotel AMMI",713683766,anniversary & birthday trip,Sep 2019,"London, United Kingdom",coleycc,/Profile/coleycc, September 2019,50,"Great hotel for both location and atmosphere. The hotel manager & all staff were fantastic. They were friendly and helpful and tried their best to make our stay as good as possible. The breakfast was great with plenty of choice, including freshly squeezed orange juice, with both heathy and indulgent options. My husband is vegan and they went out of their way to provide for this. The beds/pillows are very comfortable and the showers are good. There were a few issues with the room but these were rectified and compensation made. We love this hotel and will be staying again when we next visit Nice.",5.0,16,24
137,"Hotel De France, un hotel AMMI",711966172,Staying with Family,Sep 2019,"Westfield, Massachusetts",Alan F,/Profile/ulysses4, September 2019,40,"Over the years, we have stayed at 9 hotels in Nice and in addition dined or had cocktails in a dozen or more additional ones. I don't think you will find another hotel in town with so much passion for welcoming their guests and making them feel at home. Fabrizio, and all of the staff we met have a genuine commitment to meeting their clients' needs and treating them as friends.In a time when many hotels (or at least their management and accountants) are looking for ways to cut corners and maximize their profits, the folks here have been going in the opposite direction. They upgraded a two star hotel into a comfortable three star, and have added commendable touches such as very comfortable beds, rainwater shower heads, decent toiletries and thick towels. The hallways and rooms have cheery wallpaper and large flat panel television sets. There is a large modern elevator, one not often found in older buildings. The breakfast is OK, if not remarkable. While the street the hotel is on could be noisy, our room was further back and with the windows shut was rather quiet, a big plus in a city.One of the main assets of the hotel is its vibrant multi-ethnic neighborhood. It is a very short walk to the beaches and the Promenade Anglais, and can generally be enjoyed at more reasonable prices.One writes reviews with one's heart and mind. There is no question the folks here are aiming high. But there are physical and budgetary restraints. We were staying here on very short notice because of a reservation mix-up at our regular hotel. We had to pay a substantial premium for the last available room, ""the family room"" which had a separate space with a bunk bed, which was of no use to us. The ""main"" bedroom had a large and comfortable bed literally wedged perpendicular into thewalls so I had to climb over the bed to get in or out.The bathroom was less than ideal. While the rainwater shower was nice, the sink was tiny, so much so that there was no room for toiletry kits, and each item had to be brought into the bathroom one at a time, ex. shaving gear, toothbrush, comb and hair gel. This was also a problem for my wife. I do commend them for excellent lighting.We did get to see another room before we left, and it was a bit more spacious, but still rather stark.In sum, this is a very fine budget hotel with a genuinely welcoming staff. But I don't see it as particularly comfortable for a longer stay.The ""furniture"", flooring, and amenities are fairly generic. Frankly, I don't see them being competitive with places with more comfortable and established physical plants. They have come a long way in a few months. But they still have a long way to go if they want to be tops in Nice.",4.0,1655,894
138,"Hotel De France, un hotel AMMI",710248673,AMAZING HOTEL!,Sep 2019,,Morgan P,/Profile/204morganp, September 2019,50,"My boyfriend and I were traveling to Nice for the first time from Boston, USA! The hotel is beautiful and clean, with a two minute walk to the beach. The hotel is surrounded by restaurants,  shops and stores. The staff is AMAZING! Front desk workers are extremely helpful, funny and kind. They made us feel very comfortable! Wifi, beach towels, and umbrellas are just some of the wonderful amenities that were offered. We enjoyed every second of this trip, and can not WAIT to stay here again in a couple months! 10/10 WOULD RECOMMEND!",5.0,1,1
139,"Hotel De France, un hotel AMMI",710173685,"Clean, modern boutique hotel, wonderful staff",Sep 2019,"London, United Kingdom",AlexS S,/Profile/567alexss, September 2019,50,"We spent a weekend at this hotel in Nice and were very happy with our stay.  The hotel was recently renovated so the rooms and bathrooms felt very fresh and clean.  The location was perfect, less than a two minute walk to the beach and a 10 minute walk into the old town.  The staff were very friendly and extremely accomodating.  We had a late flight Sunday and they let us take a shower before catching our flight.  I would highly recommend, great value for money!",5.0,53,61
140,"Hotel De France, un hotel AMMI",709700541,Worth the stay,Sep 2019,"Karlstad, Sweden",Bella,/Profile/383isabellej, September 2019,50,"Positives: The staff is incredibly friendly and helpful. The location is REALLY good. The terass was perfect to sit and eat tapas and drink red wine on. Cosy rooms with everything you need. Spacy bathroom with an large shower wich was perfect for sharing. We could, without extra cost, borrow parasol and madress for the beach. The beds where okey, for our taste a little bit to firm. Negatives: We woke up a couple of nights from childscreams and yes, from lovemaking (the sounds came from different rooms). This wasnt really a problem but it is the only negative thing we could think of. We HIGHLY recommend this hotel!",5.0,7,9
141,"Hotel De France, un hotel AMMI",709474447,A little pearl in the middle of Nice,Sep 2019,"Stockholm, Sweden",raerikss0n,/Profile/raerikss0n, September 2019,50,This was such a great hotel! Small but comfortable rooms. Nice and neat breakfast. GREAT service from the wonderful staff! Portable wifi included. Im a very welltraveled guy! Seen many places and stayed in hotels in the range from 2-5 star. This is by far one of the best kept gems in my travelbook! Love this hotel and especially the staff! The service and willpower from these staffmembers were incredible! The manager did his very best to enlighten any guest who needed assistance. So did his cooworkers aswell and they always smiled and were polite. Who ever gives this hotel or staff any bad reviews has to be crazy. Will for sure go back!,5.0,2,2
142,"Hotel De France, un hotel AMMI",709405163,Nicest hotel in Nice,Sep 2019,,Jesper E,/Profile/jesper9810, September 2019,50,"Went to hotel the France for a perfect getaway with my partner. Although I’ve stayed at many hotels, everything from low-priced to 5 stars, Hotel de France might be my favorite one so far. The hotel is located just about 3min from the beach and with its cute interior and AMAZING staff I just can’t wait to come back here!",5.0,8,13
143,"Hotel De France, un hotel AMMI",708239693,Warmly recomend!,Sep 2019,"Almhult, Sweden",Johnnypn,/Profile/Johnnypn, July 2019,50,"Very friendly, helpful! Always smiling staff! Rooms are ok. Easy to reach with the tram from airport. Very close to the Beach, Restaurants, bars and Downtown around the corner. Take the bus to Monaco (1.5€), very butiful.Will come back!",5.0,1,1
144,"Hotel De France, un hotel AMMI",700815669,holiday in nice,Aug 2019,"Labastide-Saint-Pierre, France",Alain M,/Profile/723alainm, August 2019,50,"Delicious hotel, it's perfect, all the services were excellentthe room was very modern, simple and harmonious in design, pleasantly surprised for a hotel that has just opened.  We are delighted to have been able to book this hôtel",5.0,4,4
145,"Hotel De France, un hotel AMMI",698644304,"Brilliant Location, great place to stay",Aug 2019,"Maidenhead, United Kingdom",DGSween,/Profile/DGSween, August 2019,50,"Newly refurbished and still getting the details just right and really helpful staff made it a pleasure to stay.  We had a fantastic bedroom with a little balcony, very effective air-con (much needed in Nice), medium-sized room, comfortable bed, great shower.  Arrival set things off on the right foot with lots of helpful information and refreshing drinks.  Lots of good advice about things to do.  Only 100m from the beach, plenty great restaurants around.  Pretty much a perfect place to stay without paying a huge sum of money.  Breakfast was simple but good.  Would love to go back.",5.0,1,1
146,"Hotel De France, un hotel AMMI",697405870,Beautifully renovated hotel in the heart of Nice!,Aug 2019,,Charr,/Profile/char_fro, June 2019,50,"Hotel De France is a beautifully new and renovated hotel in a great location, only a couple minutes walk to the beach and Promenade! The customer service was welcoming and friendly. The view from my spacious room was amazing, I look forward to becoming an annual guest! Hotel De France is definitely one of the best places to visit in France!",5.0,1,2
147,"Hotel De France, un hotel AMMI",694016014,"Great hospitality, perfect location in Nice",Jul 2019,"Sydney, Australia",MFloyd84,/Profile/MFloyd84, July 2019,50,"Perfect location a couple of blocks back from the promenade, away from the busy tourist areas but still only a short bus ride to the Old Town & museums. The staff are so friendly, went out of their way to make sure we were comfortable during our stay.",5.0,4,10
148,"Hotel De France, un hotel AMMI",688601355,"Good, but not toilet.",Jul 2019,,Harri H,/Profile/296harrih, July 2019,30,"Staff was very friendly. Hotel was very good situated. They gave you a portable WiFi for time of your visit. But, rooms toilet was not so good. You have pratically take you pants of in the room and then back Off to toilet, thats how small it is.",3.0,7,9
149,"Hotel De France, un hotel AMMI",687976887,Very Nice Staff and great Customer Service . Love to come back,Jul 2019,,Lalit M,/Profile/105lalitm, June 2019,50,"It is newly renovated facilities and everything was great. We were offered refund for any inconvenience because of renovation. Great location , great experience . We were offered free breakfast on checkout. Its value for money.",5.0,2,3
