,hotel_name,id_review,title,date,location,user_name,user_link,date_of_stay,rating,review,rating_review,n_review_user,n_votes_review
0,Aparthotel Ammi Vieux Nice,859928072,Excellent,Yesterday,"Tehran, Iran",vahid shameli,/Profile/371vahids, September 2022,50,Being very kind.  Access was great. The staff is very cooperative.  And they guided in all cases.  Access to the sea and the old part of the city was very easy. The room had a good space and all the facilities were excellent. My family and I were very satisfied,5.0,1,0
1,Aparthotel Ammi Vieux Nice,859799793,"Great service, great place, location can't be beat",Sep 12,"Toronto, Canada",Girl From Toronto,/Profile/girlfromtoronto958, September 2022,50,"Service was amazing, hotel was clean, everything functional, and included a small kitchenette with working sink, stove and appliances. Our adapter wasn't working and the hotel service staff had a charger for us. They provided beach towels and umbrellas for the day. Location was incredible; can't be beat. We loved roaming the old town. Hotel is just a bit small and not as romantic as others on Tripadvisor made it sound. However, we don't regret it at all because it was a great place! Glad we stumbled upon it.",5.0,4,1
2,Aparthotel Ammi Vieux Nice,859559937,"Comfortable room, Excellent location, excellent staff, lovely stay",Sep 11,,Warren M,/Profile/471warrenm, September 2022,40,"Our stay here was a great experience. The room was comfortable and very clean, all the necessary appliances, Netflix, air con etc. Location is perfect - 5 min walk to the beach and right beside the tramway in old town. The staff in this hotel were truly wonderful. They were extremely friendly and helpful and great for recommending things to see and do. Marks off because the room we stayed in was a little small but it was still very comfortable. 4.5/5",4.0,1,0
3,Aparthotel Ammi Vieux Nice,858420317,Most incredible place,Sep 4,,Alex M,/Profile/X6362VUalexm, September 2022,50,We stayed here only for one night but I wish we stayed for more l. This place deserves the best rating. It was truly exceptional. The staff was amazing (shout out to Helene) and everything was great. The location was perfect and I would definitely recommend!!,5.0,2,0
4,Aparthotel Ammi Vieux Nice,858305996,Perfect stay,Sep 3,,Stephan,/Profile/966stephan, September 2022,50,"Very nice room, friendly staff, perfect location to visit Nice. Definitely a recommendation!Very central but quiet, our room was facing the patio. New, renovated rooms with new furnitures, A/C with night mode so you don’t hear it.",5.0,1,0
5,Aparthotel Ammi Vieux Nice,856971069,1000% recommended,Aug 2022,"Perth, Australia",Muddyry,/Profile/Muddyry, August 2022,50,"We had a great stay with Ammi. The room was spacious, clean & very well equipped. ( kitchenette, coffee machine, Netflix, large bath, balcony, seating area & individual aircon). The staff were extremely helpful & knowledgeable about the area. Location was fantastic! We had a roadside room and it was completely silent at night. No noise. Decor and recent renovations were in theme with the boutique vibe. It made our time in Nice better knowing we had a comfortable place to come home to after days of exploring the city. We extended our stay. Thanks Helene",5.0,5,1
6,Aparthotel Ammi Vieux Nice,856684101,5star,Aug 2022,,patlillas,/Profile/patlillas, August 2022,50,"Fantastic, beautifully clean , perfect location , all you could want , fabulous, charming hosts , 5 star treatment , would stay again in a heartbeat , had everything, so clean , comfortable and in a perfect location",5.0,1,0
7,Aparthotel Ammi Vieux Nice,856669986,Exellent,Aug 2022,,Анна С,/Profile/_Z2225YC, August 2022,50,"We were really happy with our stay in AMMI vieux Nice. The location is great. Everything can be found not more than in 5 minutes from the hotel: beach, old city, bars, restaurants, shopping centres and tram and bus station. The stuff (Pauline and Julien) is great, they’re really attentive to the clients and are always ready to help you. I highly recommend this hotel",5.0,2,0
8,Aparthotel Ammi Vieux Nice,853246124,"Great Stay - Good Remodel, Attentive Staff",Aug 2022,"London, United Kingdom",Ruby D,/Profile/RubyD372, August 2022,50,"We stayed here for 3 nights in August, after having to book at the very last minute. I was super impressed with the interior remodel. I don't know what it looked like before, but currently it is both tasteful and highly functional. Everything you could want was right there as soon as you went looking for it. And I'm an American!—we tend to be pretty fussy about comfort and convenience. Even the lobby's cold water fountain and glass carafes in the rooms you could fill up at will turned out to be exactly what I needed/wanted. The room air conditioner was quiet and efficient. The bed pleased both my partner who loves hard beds, and myself who likes soft ones. There was a detailed manual in the room with local recommendations and offers to provide extras at reasonable prices.The staff also constantly checked in with us to make sure we didn't need anything or have any questions. The attention to detail made me feel like I could fully relax on my vacation.",5.0,5,1
9,Aparthotel Ammi Vieux Nice,853208420,Great experience!,Aug 2022,"Laval, Canada",Nootz18,/Profile/Nootz18, July 2022,40,"Fantastic location. Clean rooms. Nice size shower. Service at the reception is excellent. Julien was very welcoming and helpful. Helped us out immediately when there was a small issue. My only critique, and this is more the norm for European hotels, is that the rooms are a little snug.",4.0,5,6
10,Aparthotel Ammi Vieux Nice,852308071,Old town,Aug 2022,United Kingdom,lovetravel,/Profile/5lovetravel55, July 2022,30,"We all appreciated this apartment hotel formula but there are a few details to improve to achieve the excellence of the 5/5, already the decoration which is no longer really relevant in 2022, the air conditioning at night is too noisy to allow good nights silent, the windows are not thermal and let the outside heat pass through, which is difficult to live with during the heat wave,the staff when to him was professional",3.0,27,40
11,Aparthotel Ammi Vieux Nice,851569901,Wonderful hotel in a perfect location on the edge of Vieux Nice & close to the beach,Aug 2022,,Julie S,/Profile/juliesF5958JB, July 2022,50,"My family and I stayed almost a week at the Aparthotel Ammi Vieux Nice and enjoyed our stay immensely. The location can't be beat--steps away from Tram Line 1 (easy to get to the train station and other locations in town) and a few minutes walk from Tram Line 2 (making it super easy to get to/from Nice Côte d'Azur Airport, where Tram Line 2 is just outside the airport). It's right on the edge of Vieux Nice with its quaint winding streets filled with restaurants and cute shops and very close to Cours Saleya where there are daily markets: fruit/veg, flower, arts/crafts, and flea (depending on the day). The hotel is also a short walk to the beach and Promenade des Anglais. I rented 2 rooms for my family. One was smaller, but well supplied with fridge, microwave, small stove, dishes, utensils, etc. and had a small balcony. The other room was roomier, but had the same extras, plus a dishwasher. All the fixtures were quite new and well maintained, with good showers, and the A/C was excellent in both rooms. We really appreciated the ice cube trays in the fridges, the filtered water dispenser in the reception area, and that they have beach towels/mats/umbrellas to rent for a small fee. The 3 staff members who worked reception (Julien, Hélène, and Pauline) were all super kind and helpful--making phone calls for us, providing directions, and giving us advice/recommendations for Nice and other Côte d'Azur towns. We really enjoyed our stay, and highly recommend the Aparthotel Ammi for anyone who is looking for a clean, comfortable, well-located, and reasonably priced accommodation in Nice. NB there is no elevator, so guests must ascend one flight of stairs to reach the hotel.",5.0,3,1
12,Aparthotel Ammi Vieux Nice,851561664,Great host good accommodation,Aug 2022,"Scharding, Austria",patrick,/Profile/Sightsee67321897060, August 2022,50,Host was very nice and helped us a lot to enjoy our vacation in nice. Location is good - 5 min Walk to the beach and 1 min to the market. There was no breakfast included but with the cooperation with the bakery next door everything was fine. Only thing we were not that happy are the thin walls to the rooms next door.,5.0,1,0
13,Aparthotel Ammi Vieux Nice,850845572,too hot,Jul 2022,Switzerland,Zoe,/Profile/Zotravelcl, July 2022,10,"Before we had to pay a deposit then at the end of the stay we had to pay the balance,but here they asked us to pay the full amount on arrival,I didn't like it at allwe were in a small apartment that did not correspond to the photos seen on the site, when we arrived it was too cold because the air conditioning was set to the coldest, not very ecological,during the night we had to choose between very noisy air conditioning or intense heat, our night was very short and of poor quality",1.0,45,45
14,Aparthotel Ammi Vieux Nice,850040627,Quaint boutique hotel with superior customer service,Jul 2022,,michael b,/Profile/K7341FUmichaelb, July 2022,50,"This is a quaint boutique hotel in what I would say is the best possible location in Old Nice, the only part of the city to stay in. The hotel/apartment is represented by Pauline who was outstanding and was always there with an offer of help and a smile.",5.0,4,0
15,Aparthotel Ammi Vieux Nice,849856377,"Great hotel, location, staff, amenities",Jul 2022,,lisaR5258IP,/Profile/lisaR5258IP, July 2022,50,"Clean, modern yet with some old charm, newly renovated with great beds, shower and wonderful staff! Special thanks to Paulina! She really belongs to service minded people! Might seem as I overstate, but in tourist areas all over the world (this is right on the edge of old town in Nice) I have so many times experienced bad service. They know people will come to their particular location anyhow due to the well known place ie Paris, Florence, Greek islands and so on. Not so in Ammi!",5.0,1,0
16,Aparthotel Ammi Vieux Nice,849241884,"Perfect Location in Nice, Fantastic stay",Jul 2022,,t4thecanuck,/Profile/t4thecanuck, July 2022,50,"Two things that are a must when we travel: great location, and safety/security. This hotel met those requirements with ease. Located in the culturally rich Old Town, everything was within walking distance. We had zero concerns with safety/security of the accomodations and the area.The staff are extemely friendly, hospitable, and always smiling.Our rooms (we stayed twice as we enjoyed our first visit so much) are clean, quaint, and give you the full Cote D'Azur charm and experience. We are very much looking forward to visiting the South of France again and staying at AMMI Vieux Nice.",5.0,2,0
17,Aparthotel Ammi Vieux Nice,849234515,A spontaneous and super thoughtful stay!,Jul 2022,,Lea K,/Profile/LeaK194, July 2022,50,"I booked a night very spontaneously based on the great reviews I saw. And I was truly not disappointed: the hotel is lovely, modern and super clean. Julien is an angel at the front desk and does everything to elevate the stay for his guests as best as he can. My room was very spacious, with a lovely bathroom, a small kitchenette and even a quiet balcony. The bed was incredibly comfortable and perfect to catch a good nights sleep. When I come back to Nice, I will definitely book with Julien again. Really looking forward to come back!",5.0,1,0
18,Aparthotel Ammi Vieux Nice,847051301,"Amazing apartments, location and service!",Jul 2022,,Eduard Malynovskyy Dernov,/Profile/edumalder95, July 2022,50,"My mother and I had the chance to stay at this aparthotel for two nights and it was beyond incredible! First of all the location is amazing, it is located right in the old town and all the sights are very close! Second, the service was incredible, Julien made us feel at home! He gave us some great tips of what to see and where to eat, besides he was caring and welcoming at all moments, always willing to help. This made us feel very special and cared about. Thirdly, the appartamend had all the needed amenities, for short or longer stays, besides being very cosy, quiet and squicky clean, also recently refurbished!Once again we would like to thank Julien for the care that he took of us, his attention was  just beyond! We totally recomed staying at the AMMI Vieux Nice Aparthotel! You will love it!",5.0,1,0
19,Aparthotel Ammi Vieux Nice,844486907,As close to perfection as you can get,Jun 2022,"Calgary, Canada",Andrew A,/Profile/ajovz, June 2022,50,"My partner and I stayed here for 5 nights and it was amazing. The 2 staff members (Pauline and Julian) were great. They make sure everything is up to your standards and needs, and will always help you plan your day when you are there. They saved our feet by telling us bus and train routes to get from the hotel to our preferred destinations. The rooms have a powerful AC unit, TV (with Netflix, and other streaming services), Beautiful shower and most importantly a comfy bed. The rooms get serviced whenever you want them serviced. They have free laundry (I would do them when you can as it can get busy). Personally for me it’s the small things that matter most. They gave us umbrellas when it was raining, they provided tips/tricks to get the most out of Nice and surrounding areas and most of all always checked if we wanted or needed anything. They are super responsive to WhatsApp messenger. 10/10 would recommend and will return whenever we come back to Nice! Thank you!",5.0,72,19
20,Aparthotel Ammi Vieux Nice,843206100,Comfy room at the edge of Vieux Nice,Jun 2022,new york,sambany,/Profile/sambany, June 2022,50,"This is a small hotel on a busy thoroughfare directly around the corner from the Old City.  My room was quiet, clean and attractive.  It was compact, but had everything necessary conveniently laid out.  The bed was very comfortable, the bathroom, with neat retro design, was well-thought out.  Shower worked well.  The location was perfect for an exploration of the city, and for public transport.  Julian at the desk was lovely and helpful.  Would recommend.",5.0,33,15
21,Aparthotel Ammi Vieux Nice,843189713,Amazing!,Jun 2022,,Aziz Niyazov,/Profile/zizik-n, May 2022,50,"We were really happy to stay in the hôtel AMMI vieux Nice. The placement is great as you can find everything you need just in several minutes from hotel: beach, shops, old city, bars and restaurants. The staff is very friendly and is always glad to help with any questions. We’ll definitely come back!",5.0,1,0
22,Aparthotel Ammi Vieux Nice,842929448,Beautiful Apartment at excellent location,Jun 2022,"Mumbai, India",Divya,/Profile/Alittlebitoftravel, May 2022,50,"We visited Nice during our trip to France and read rave reviews on Tripadvisor about this place. I am always fascinated by European old towns and this aparthotel has the best location (close to Garibaldi Square).The location advantage:1) Old Town, Flower Market, Promenade, Citadel all are within 5 minutes2) Very close to tram station which can take you to the train station for doing trips to nearby places like Antibes, Cannes, Eze, etc.3) 5 min walking from the airport tram station Besides location the apartment is very well furnished with a small kitchen which is very well equipped. There is pretty much all the equipment you would need. As well as all the usual pots and pans there was; a kettle, toaster, microwave, Nespresso coffee machine, 2 ring electric hob, fridge and dishwasher. Also there is Carrefour within 5 min to get your provisions. There is a bakery  next to the place to grab a quick bite. So we simply loved the place. The bathroom is nice and there was a nice small sofa bed for my son to sleep in. The room looked fresh and recently done which has been mentioned by many other reviewers.I would give a special thanks to Julien who was really helpful. The check in process was nice and simple and he offered advice on things to do and list of eateries to try niçoise cuisine and also Michelin starred restaurants. The housekeeping is as per demand and staff is friendly.In all we had a great stay and would recommend this place highly.  Book and you wont regret the decision.",5.0,197,75
23,Aparthotel Ammi Vieux Nice,841921615,Beautiful Apartment in a stunning location!,Jun 2022,"Kings Worthy, United Kingdom",joelpagett,/Profile/joelpagett, June 2022,50,"We were planning to visit Nice, and after a searching around we found Aparthotel AMMI Vieux Nice. It got rave reviews on Tripadvisor and Google, but would it live up to the hype?Aparthotel AMMI is situated in the busy area around Garibaldi Square, and it’s literally close to pretty much everything you would want to see in Nice. There are hundreds of restaurants, shops and tourist attractions within 5 minutes of your front door. The public transport in Nice is some of the cleanest, most efficient and cheapest I’ve ever used. If you need to go further afield (we did Antibes and Monaco as day trips) it’s super easy and cheap to get around. The Aparthotel AMMI Vieux has 2 tram stops within a couple of minutes walk and lots of bus stops too. Upon arriving around 6:30pm we found the entrance to the hotel just off the main street and it was closed. After a quick call to the number on the door, the friendly staff were quick to open it and check us in. The check in process was nice and simple and the gentleman (Julien I believe his name was) was most helpful. He offered advice on things to do and more in the area. He then proceeded to show us up to the apartment. We originally booked one of the standard rooms but we were offered an upgrade which was too tempting to turn down, so we were in a 2 room apartment with a balcony. Admittedly, it’s not the biggest apartment I’ve stayed in, but what it lacks for in size it makes up for in charm. There is a nice sized living/kitchen area (which also has a sofa bed) a bathroom and a bedroom with balcony too.The kitchen was very well equipped even though it was small. If you were looking to cook a 3 course meal it wouldn’t be ideal, but for breakfast it was perfect. There is pretty much all the equipment you would need. As well as all the usual pots and pans there was; a kettle, toaster, microwave, Nespresso coffee machine, 2 ring electric hob, fridge and dishwasher. The bedroom was comfortable and had lots of well thought out storage. The bed was nice and comfy too. The balcony faced over the main road but it was very quiet with the double glazing. The balcony was great for people watching with some breakfast or a glass of wine in the evening.The apartment was finished really nicely, with lots of soft pastel colours and gold which worked in creating a homely yet opulent feel. The bathroom was lovely and featured a great shower as well as a big bath. The air conditioning throughout was also very effective.It’s certainly worth upgrading to the apartment if you can, as the extra space really made our stay. It felt like a ‘home from home’. Housekeeping could be organised as much as you wanted, and all the staff were super friendly and helpful. A few tips for your stay;There is a great bakery just downstairs where you can pick up freshly baked bread in the morning, it’s devine.There is a great supermarket literally 30 seconds away called Monoprix - a great place for supplies.They are very easy to message and get answers via Whatsapp.Overall, the stay certainly lived up to its high ratings, and we absolutely loved staying at Aparthotel AMMI Vieux Nice. The apartment was fantastic, the staff were extremely friendly and helpful and Nice is a stunning city. Book a visit, you won’t regret it!",5.0,340,103
24,Aparthotel Ammi Vieux Nice,839875371,Great location with unbeatable value for money,May 2022,"Cologne, Germany",Tim,/Profile/TimoSchmit, May 2022,50,"Ideally located, in the immediate vicinity of the “Vieux Nice” and Place Garibaldi. Direct tram to the airport just 150m away. Still quiet thanks to the double glazing windows, even though my room was facing the Main Street. My room cleverly designed with a really handy and useable kitchen/fridge, with brand new and high quality equipment (I loved the shower!). Staff is very friendly and always available to help and support. For instance, as I forgot my sunglasses under the bed, they immediately contacted and offered to have them sent back to me. Honestly, I could not realistically have expected anything better at that price!",5.0,18,0
25,Aparthotel Ammi Vieux Nice,836921544,Merci beaucoup!,May 2022,,Matthew S,/Profile/O3950BRmatthews, May 2022,50,"What a fantastic decision to stay at Ammi Vieux Nice! The accommodation itself was perfectly located, clean, quiet and had everything we needed for our 3 nights. But what really made our stay special were the team. We had excellent communication both before and during our stay, they were able to help with everything and anything we needed, and they genuinely cared about making our stay perfect. Thank you so much to everyone involved!",5.0,1,0
26,Aparthotel Ammi Vieux Nice,836297488,Very nice,Apr 2022,,letmartendal,/Profile/letmartendal, April 2022,50,"Friendly staffs, very good location with a lot facilities around, near of the beach and very good clean. TV with Netflix, Prime, fredge, microwave, kettle and coffee machine. Excellent shower and bath, Amazing experience.",5.0,1,1
27,Aparthotel Ammi Vieux Nice,832659846,Best choice I could do,Mar 2022,"Athens, Greece",dgergo578874,/Profile/dgergo578874, March 2022,50,"Excellent location, at the old city and in walking distance to the shops and parks. Can be reached from the airport by tram with no change of the lines. Communication and welcome better than expected. Although we arrived 3 hours earlier we checked in and we were also given a free upgrade to a larger room with a balcony! The staff sooooo gentle and willing to help at all times! Everything in the room was shining. It was clean to the last detail and was smelling really nice. I definitely recommend it to anyone and will be the place to stay in a future trip to Nice.",5.0,1,0
28,Aparthotel Ammi Vieux Nice,832184058,A newly remodeled hotel with a great staff,Mar 2022,"Park City, Utah",Compass644735,/Profile/Compass644735, March 2022,50,A Fantastic staff (Julien) and it couldn’t be a better location. A very friendly hotel to say the least.  Walking distance to everything.  Unbelievable dine in or take our food all around.  The hotel has just been remodel.  The tram from the airport leaves you 5 minutes (or less) from the hotel. We were upgraded to a small apartment.  Everything in the room was new.  The small kitchen was perfect.  What a nice place… We will stay there again in mid April on our return to fly out.,5.0,2,0
29,Aparthotel Ammi Vieux Nice,831870610,NIce Cityapartment,Mar 2022,,Mara,/Profile/marasJ7533UL, March 2022,40,"Very nice staff from cleaning lady to receptionist. The rooms are spacious and well equipped. The location is perfect. Walkind distance to old and new city center and the beach. There is a direct tram to the airport (30 mns, 1,50 Euro). The room itself is not too cozy but still nice. View to the courtyard is ok. At the moment there is a construction site. The curtains are too small for the windows so there will be light in the room.",4.0,5,0
30,Aparthotel Ammi Vieux Nice,829686475,"NICE, Wonderful, Relaxing stay right in the heart of the old NICE TOWN",Mar 2022,"Chennai (Madras), India",kishor Kumar,/Profile/kishorKumar12, February 2022,50,"This property located in the OLD NICE TOWN, facing the tram line. very good location near to lot of hotels, restaurants, shopping places. There are parking lots in 300m radii of this property, if you travel by car.5 min walk to beach promenade, 10min walk to HOP ON HOP OFF BUS starting point, TOY TRAIN starting point. Very good, neat and clean rooms, comfortable beds, clean linens, toiletries provided. Staff was courteous and helpful. Kitchen was fully equipped with MW oven, Dishwasher, mini Fridge, cutleries, plates, wine glass, cups, toaster, coffee maker, espresso maker, etc. etc. TV was nice. AC was clean and effective. OVERALL it was a wonderful, relaxing stay right in the heart of the old town. :)",5.0,1,0
31,Aparthotel Ammi Vieux Nice,829686331,Great place to stay!,Mar 2022,,gp207467,/Profile/gp207467, February 2022,50,"The room was clean, comfortable, and had everything we needed (coffee, towels, soaps, kitchen etc.). Staff were extremely helpful + friendly which was a highlight, and the baggage lockbox was handy to leave bags in after checking out. And, the location is perfect as it's right in the middle of all of the best parts of Nice. I'd happily stay here again!",5.0,1,0
32,Aparthotel Ammi Vieux Nice,827715376,Ammi thank you,Feb 2022,"London, United Kingdom",Jane,/Profile/Connector13063137360, February 2022,50,We spend a very pleasant stay in Nice and in this aparthotel. Staff were so welcome and it was like home. Everything is new and the location is in the center of city. We make an early check in in 12am for only 20€ suplement. It’s a nice surprise and as we were tired it was best offer for us. Thank you,5.0,3,0
33,Aparthotel Ammi Vieux Nice,826696532,Highly recommended,Feb 2022,"Copenhagen Region, Denmark",Brigitte A,/Profile/885brigittea, February 2022,50,"We have just spent 11 nights at hotel AMMI vieille ville. We are extremely satisfied and recommend this place. It’s a relatively small property totally renovated in 2021 that offers several types of apartments. We are grateful for the upgrade that was offered to us. We stayed in apartment number 4 which is very spacious and well equipped. The bed is very comfortable, the kitchenette very practical and the bathroom well equipped with nice products from Fragonard. Hotel is close to tramway that will bring you directly to the airport in approximately 30mn. Julien, Eloïse and the rest of the team do an excellent job. We booked our stay through booking but you can easily book directly with them and benefit from similar cancellation conditions. The property is very cleaned and they are working on ideas to keep improving the level of comfort of the rooms. All in all a very good experience. They definitely deserve the highest grade.",5.0,58,19
34,Aparthotel Ammi Vieux Nice,825769801,Viesis,Jan 2022,,Angelika R,/Profile/Musuatputa, January 2022,50,"The hotel is very comfortable, it has a well-thought-out kitchenette to prepare meals, tea, ☕coffee, 🍰sugar and even drinking water served. All so very clean, fresh. they are already here. Admission at the highest level 🤗 ♥ ️. Here is everything to enjoy a wonderful holiday in Nice. ♥ ️10 from 10♥️♥️♥️",5.0,1,0
35,Aparthotel Ammi Vieux Nice,823789825,Best stay in Nice,Jan 2022,Thailand,Babycaker,/Profile/BabycakerBooboo, January 2022,50,"Location is best, a few steps to old town!!! Choose Executive room, pretty big room compared to French standard:) Staff are superb. Restaurants and Monoprix are just around the corner. We do enjoy the stay.This hotel has just opened for 4 months and everything in the room is new... fully equipped, baht tub... etc.",5.0,4,0
36,Aparthotel Ammi Vieux Nice,822150907,Little gem in the center and old town,Dec 2021,,Sandra L,/Profile/X3327ALsandral, October 2021,50,"I call this hotel a  little gem because there is everything what you need even more. And staff was amazing and so kind with us. We stayed in another hotel before and it was very nice but here you feel like home. Beds are new, everything is so clean. Thank you again and we will recommend it to all friends,Sandra and Jose",5.0,2,0
37,Aparthotel Ammi Vieux Nice,819151173,Very nice please do not miss!!!,Nov 2021,"York, United Kingdom",Mikey,/Profile/70mikeyl, November 2021,50,"First of all, the receptionist she is super nice! When we checked in till out, she has been really really helpful!The room is big and nice, literally got everything one needs for. Microwave, fridge, dishwash, cutlery, it's just like your own house!!! The location can't be better! Straight in the town, all kinds of shops, bars and restaurants. 5 mins to the beach side. What else can you ask for???If I ever traveling back to Nice, I will definitely book with them again!5 stars Airbnb. If I really need to say something, the pillow is not usual UK pillow. Can't really get used to it, but maybe it's just me. Anyway, recommended!",5.0,7,7
38,Aparthotel Ammi Vieux Nice,815809542,Worth every penny,Oct 2021,,Andre V,/Profile/458andrev, October 2021,50,"Tasteful and sensitive -- and above all extremely comfortable -- refurbishment of what used to be an older hotel. Feels brand new, but is full of character.  The kitchen in particular in surprisingly well appointed.  Personnel always on call, with tips and answers at the ready. Well priced and well located -- and warmly recommended.",5.0,1,0
39,Aparthotel Ammi Vieux Nice,815527477,Fabulous location ,Oct 2021,"Belfast, United Kingdom",jimmy m,/Profile/C9053QRjimmym, October 2021,50,This is a great location at the top of the old town with every facility on your doorstep trams and busses to all areas of the city and beyond. It is surrounded by many great restaurants and bars and only 10 minute walk to the beautiful port of Nice. The staff were very friendly and helpful at all times and the whole property is spotless from the corridors to the rooms. No hesitation recommending to any travelers will be back if we pass this way again.Thanks again for your hospitality,5.0,14,1
